Name,Macro,Type,Item Number,Flavor Text,Rules Text,Skip Prod,Notes
Herbal Sludge,HerbalSludge,,6000,A large pile of brightly colored and foul smelling sludge,,Yes,
An Interesting TIncture,RevealingTincture,Tincture,6651,,This tastes funny. Roleplau accordingly.,Yes,
An Interesting Decoction,RevealingDecoction,Decoction,6651,,This feels tingly. Roleplay accordingly.,Yes,
An Interesting Decoction,RevealingSalve,Salve,6651,,This feels tingly. Roleplay accordingly.,Yes,
An Interesting Tincture,ConcealingTincture,Tincture,6652,,Take 1 Damage. This tastes funny. Roleplay Accordingly.,Yes,
An Interestign Decoction,ConcealingDecoction,Decoction,6652,,Take 1 Damage. This burns slightly. Roleplay accordingly.,Yes,
An Interesting Salve,ConcealingSalve,Salve,6652,,Take 1 Damage. This burns slightly. Roleplay accordingly.,Yes,
Pleasant Incense,MercuryIncense,Incense,6659,,"\textbf{ongoing} For the rest of the day, you have +1 Chi. If you have it, open \Delta mem packet.",,Recipe is whitesheet given to jialun.
Silvery Salt,MercurySalt,Salve,6659,,"\textbf{poison} If this is the third time you have taken this, see a GM. You feel a sense of confusion and start mixing up past and present. Roleplay accordingly.",,
Oolong Tea,OolongMoonTeaOne,Tea,6613,,"Regain 2 HP. For the next hour, everything you drink tastes like really good oolong tea. Roleplay accordingly.",Yes,
Oolong Tea,OolongMoonTeaTwo,Tea,6413,,"Regain 2 HP. You feel inclined to tip. For the next 5 minutes, you feel compelled to give the occasional piece of sage sounding advice. Roleplay accordingly",Yes,
Oolong Tea,OolongMoonTeaThree,Tea,6001,,Regain 2 HP. Wow... this tastes awful... (Unless you know otherswise.) Roleplay accordingly,Yes,
White Lotus Tea,LotusGardenTea,Tea,6439,,"Gain 1 inspiration point. For the next 5 minutes, you feel a quiet certainty that everything will work out as it should. Roleplay accordingly",Yes,
Dragon's Breath,JadePalaceTea,Tea,6419,,"Regain 2 HP. For the next 5 minutes, you feel a spontaneous urge to hum, whistle, or tap along to an unheard rhythm. Roleplay accordingly.",Yes,
Auntie Chang's Green Tea,AuntieChangTea,Tea,6429,,"Regain 2 HP. You feel an urge to share a story, joke, or memory that brings joy. Roleplay accordingly.",Yes,
Iced Jasmine Tea,JasmineDragonTea,Tea,6579,,"Gain 1 Chi point. For the next 5 minutes, you feel compelled to offer sincere compliments when they come to mind. Roleplay accordingly.",Yes,
Lychee Tea,SiWongTea,Tea,6119,,Gain 1 Stamina point. You feel you had an amazing sleep last night. Roleplay accordingly.,Yes,
Air Nomad Butter Tea,BlazingBisonTea,Tea,6779,,Gain 2 HP. You’re filled with a beautiful and awe-inspiring sense that you’re one with the universe. Roleplay accordingly.,Yes,
Chi Enhancement Tea,SisterWuTea,Tea,6759,,"\texbf{ongoing} Increase your Chi by 1. You believe you briefly understand a deep cosmic truth, but forget it immediately. Roleplay accordingly.",Yes,
Kyoshi's Tears,TearsOfKyoshiTea,Tea,6169,,"For the next 10 minutes, you believe inanimate objects are judging you. Roleplay accordingly.",Yes,
Golden Bonsai Tea,GoldenBonsaiTea,Tea,6229,,Regain 2 HP. You feel a gentle contentment that makes small pleasures feel richer. Roleplay accordingly,Yes,
White Jade Tea,TeaWhiteJade,Tea,6419,,"Regain 3 HP and 3 Chi points. The tea has a flavor that is quite subtle, but with incredible depth. It is incredibly delicious. Roleplay accordingly.",Yes,
Jade Katana Blend,TeaSword,Tea,6659,,"If this is the first time you have drank this tea, you have the following \textbf{psychlim} for 1 hour: you must mention wanting to enjoy tea from the Jade Katana to at least three other people at least once per day and any time you mechanically drink tea while this psychlim is active. If this is the second time you have drank this tea, you have the psychlim until the end of the day. If this is the third time you have drank this tea, you have the psychlim for the next two days (skipping game break) and must take a copy of the bluesheet in the envelope labeled ""Katana"" in the box room. You are in that group now.",Yes,
Copper Shield Blend,TeaShield,Tea,6650,,"If this is the first time you have drank this tea, you have the following \textbf{psychlim} for 1 hour: you must mention wanting to enjoy tea from the Copper Shield to at least three other people at least once per day and any time you mechanically drink tea while this psychlim is active. If this is the second time you have drank this tea, you have the psychlim until the end of the day. If this is the third time you have drank this tea, you have the psychlim for the next two days (skipping game break) and must take a copy of the bluesheet in the envelope labeled ""Kabuto"" in the box room. You are in that group now.",Yes,
A reddish tea,EarthTeaBoonOne,Tea,6101,,"Regain 1 HP. You feel a deep, instinctive confidence that you can endure whatever comes next. Roleplay accordingly.",Yes,
A reddish tea,EarthTeaBoonTwo,Tea,6103,,"Regain 2 HP. You feel grounded in the present moment, focused on simple, vital necessities. Roleplay accordingly.",Yes,
A reddish tea,EarthTeaBoonThree,Tea,6105,,"\textbf{ongoing}. Before the end of the day, resist one attack of strength 3 or less.",Yes,
A reddish tea,EarthTeaBoonFour,Tea,6107,,\textbf{ongoing}. You may resist an attack of strength 3 or less.,Yes,
A reddish tea,EarthTeaBaneOne,Tea,6102,,\textbf{poison} Take 2 damage.,Yes,
A reddish tea,EarthTeaBaneTwo,Tea,6104,,\textbf{poison} Take 3 damage.,Yes,
A reddish tea,EarthTeaBaneThree,Tea,6106,,\textbf{poison} Reduce your max HP by 2 for the rest of the day,Yes,
A reddish tea,EarthTeaBaneFour,Tea,6108,,\textbf{lasting poison} Reduce your max HP by 2,Yes,
A reddish tincture,EarthTinctureBoonOne,Tincture,6101,,Regain 1 HP,Yes,
A reddish tincture,EarthTinctureBoonTwo,Tincture,6103,,Regain 2 HP,Yes,
A reddish tincture,EarthTinctureBoonThree,Tincture,6105,,"\textbf{ongoing}. Before the end of the day, resist one attack of strength 3 or less.",Yes,
A reddish tincture,EarthTinctureBoonFour,Tincture,6107,,\textbf{ongoing}. You may resist an attack of strength 3 or less.,Yes,
A reddish tincture,EarthTinctureBaneOne,Tincture,6102,,\textbf{poison} Take 2 damage.,Yes,
A reddish tincture,EarthTinctureBaneTwo,Tincture,6104,,\textbf{poison} Take 3 damage.,Yes,
A reddish tincture,EarthTinctureBaneThree,Tincture,6106,,\textbf{poison} Reduce your max HP by 2 for the rest of the day,Yes,
A reddish tincture,EarthTinctureBaneFour,Tincture,6108,,\textbf{lasting poison} Reduce your max HP by 2,Yes,
A reddish salve,EarthSalveBoonOne,Salve,6101,,Regain 1 HP,Yes,
A reddish salve,EarthSalveBoonTwo,Salve,6103,,Regain 2 HP,Yes,
A reddish salve,EarthSalveBoonThree,Salve,6105,,"\textbf{ongoing}. Before the end of the day, resist one attack of strength 3 or less.",Yes,
A reddish salve,EarthSalveBoonFour,Salve,6107,,\textbf{ongoing}. You may resist an attack of strength 3 or less.,Yes,
A reddish salve,EarthSalveBaneOne,Salve,6102,,\textbf{poison} Take 2 damage.,Yes,
A reddish salve,EarthSalveBaneTwo,Salve,6104,,\textbf{poison} Take 3 damage.,Yes,
A reddish salve,EarthSalveBaneThree,Salve,6106,,\textbf{poison} Reduce your max HP by 2 for the rest of the day,Yes,
A reddish salve,EarthSalveBaneFour,Salve,6108,,\textbf{lasting poison} Reduce your max HP by 2,Yes,
A reddish decoction,EarthDecoctionBoonOne,Decoction,6101,,Regain 1 HP,Yes,
A reddish decoction,EarthDecoctionBoonTwo,Decoction,6103,,Regain 2 HP,Yes,
A reddish decoction,EarthDecoctionBoonThree,Decoction,6105,,"\textbf{ongoing}. Before the end of the day, resist one attack of strength 3 or less.",Yes,
A reddish decoction,EarthDecoctionBoonFour,Decoction,6107,,\textbf{ongoing}. You may resist an attack of strength 3 or less.,Yes,
A reddish decoction,EarthDecoctionBaneOne,Decoction,6102,,\textbf{poison} Take 2 damage.,Yes,
A reddish decoction,EarthDecoctionBaneTwo,Decoction,6104,,\textbf{poison} Take 3 damage.,Yes,
A reddish decoction,EarthDecoctionBaneThree,Decoction,6106,,\textbf{poison} Reduce your max HP by 2 for the rest of the day,Yes,
A reddish decoction,EarthDecoctionBaneFour,Decoction,6108,,\textbf{lasting poison} Reduce your max HP by 2,Yes,
A reddish bath,EarthBathBoonOne,Bath,6101,,\textbf{ongoing} Gain 1 Max HP until the end of the day,Yes,
A reddish bath,EarthBathBoonTwo,Bath,6103,,\textbf{ongoing} Gain 2 Max HP until the end of the day,Yes,
A reddish bath,EarthBathBoonThree,Bath,6105,,\textbf{ongoing} Gain 1 Max HP,Yes,
A reddish bath,EarthBathBoonFour,Bath,6107,,\textbf{ongoing} Gain 2 Max HP,Yes,
A reddish bath,EarthBathBaneOne,Bath,6102,,\textbf{poison} Reduce your max HP by 1 for the rest of the day,Yes,
A reddish bath,EarthBathBaneTwo,Bath,6104,,\textbf{lasting poison} Reduce your max HP by 1,Yes,
A reddish bath,EarthBathBaneThree,Bath,6106,,\textbf{poison} Reduce your max HP by 2 for the rest of the day,Yes,
A reddish bath,EarthBathBaneFour,Bath,6108,,\textbf{lasting poison} Reduce your max HP by 2,Yes,
Reddish incense,EarthIncenseBoonOne,Incense,6101,,\textbf{ongoing} Gain 1 Max HP until the end of the day,Yes,
Reddish incense,EarthIncenseBoonTwo,Incense,6103,,\textbf{ongoing} Gain 2 Max HP until the end of the day,Yes,
Reddish incense,EarthIncenseBoonThree,Incense,6105,,\textbf{ongoing} Gain 1 Max HP,Yes,
Reddish incense,EarthIncenseBoonFour,Incense,6107,,\textbf{ongoing} Gain 2 Max HP,Yes,
Reddish incense,EarthIncenseBaneOne,Incense,6102,,\textbf{poison} Reduce your max HP by 1 for the rest of the day,Yes,
Reddish incense,EarthIncenseBaneTwo,Incense,6104,,\textbf{lasting poison} Reduce your max HP by 1,Yes,
Reddish incense,EarthIncenseBaneThree,Incense,6106,,\textbf{poison} Reduce your max HP by 2 for the rest of the day,Yes,
Reddish incense,EarthIncenseBaneFour,Incense,6108,,\textbf{lasting poison} Reduce your max HP by 2,Yes,
An organgeish tea,WaterTeaBoonOne,Tea,6201,,"Regain 1 HP. For the next 5 minutes, you feel a warm sense of contentment. Roleplay accordingly.",Yes,
An organgeish tea,WaterTeaBoonTwo,Tea,6203,,"Regain 2 HP. For the next hour, you find simple sensations unusually delightful including: the taste of food, the warmth of air, the sound of laughter. Roleplay accordingly.",Yes,
An organgeish tea,WaterTeaBoonThree,Tea,6205,,"\textbf{ongoing} At any time you may meditate on the memory of this tea for 1 minute and then change your mental state to focused, then remove this effect.",Yes,
An organgeish tea,WaterTeaBoonFour,Tea,6207,,"\textbf{ongoing} At any time you may meditate on the memory of this tea for 1 minute and then change your mental state to focused. Once you have done this 3 times, remove the effect. You feel a sense of  contented happiness that invites relaxation. Roleplay accordingly.",Yes,
An organgeish tea,WaterTeaBaneOne,Tea,6202,,"Regain 1 HP. For the next 5 minutes, you feel a warm sense of contentment. Roleplay accordingly.",Yes,
An organgeish tea,WaterTeaBaneTwo,Tea,6204,,"Regain 2 HP. For the next hour, you find simple sensations unusually delightful including: the taste of food, the warmth of air, the sound of laughter. Roleplay accordingly.",Yes,
An organgeish tea,WaterTeaBaneThree,Tea,6206,,,Yes,
An organgeish tea,WaterTeaBaneFour,Tea,6208,,,Yes,
An organgeish tincture,WaterTinctureBoonOne,Tincture,6201,,,Yes,
An organgeish tincture,WaterTinctureBoonTwo,Tincture,6203,,,Yes,
An organgeish tincture,WaterTinctureBoonThree,Tincture,6205,,,Yes,
An organgeish tincture,WaterTinctureBoonFour,Tincture,6207,,,Yes,
An organgeish tincture,WaterTinctureBaneOne,Tincture,6202,,,Yes,
An organgeish tincture,WaterTinctureBaneTwo,Tincture,6204,,,Yes,
An organgeish tincture,WaterTinctureBaneThree,Tincture,6206,,,Yes,
An organgeish tincture,WaterTinctureBaneFour,Tincture,6208,,,Yes,
An orangeish salve,WaterSalveBoonOne,Salve,6201,,,Yes,
An orangeish salve,WaterSalveBoonTwo,Salve,6203,,,Yes,
An orangeish salve,WaterSalveBoonThree,Salve,6205,,,Yes,
An orangeish salve,WaterSalveBoonFour,Salve,6207,,,Yes,
An orangeish salve,WaterSalveBaneOne,Salve,6202,,,Yes,
An orangeish salve,WaterSalveBaneTwo,Salve,6204,,,Yes,
An orangeish salve,WaterSalveBaneThree,Salve,6206,,,Yes,
An orangeish salve,WaterSalveBaneFour,Salve,6208,,,Yes,
An orangeish decoction,WaterDecoctionBoonOne,Decoction,6201,,,Yes,
An orangeish decoction,WaterDecoctionBoonTwo,Decoction,6203,,,Yes,
An orangeish decoction,WaterDecoctionBoonThree,Decoction,6205,,,Yes,
An orangeish decoction,WaterDecoctionBoonFour,Decoction,6207,,,Yes,
An orangeish decoction,WaterDecoctionBaneOne,Decoction,6202,,,Yes,
An orangeish decoction,WaterDecoctionBaneTwo,Decoction,6204,,,Yes,
An orangeish decoction,WaterDecoctionBaneThree,Decoction,6206,,,Yes,
An orangeish decoction,WaterDecoctionBaneFour,Decoction,6208,,,Yes,
An orangeish bath,WaterBathBoonOne,Bath,6201,,,Yes,
An orangeish bath,WaterBathBoonTwo,Bath,6203,,,Yes,
An orangeish bath,WaterBathBoonThree,Bath,6205,,,Yes,
An orangeish bath,WaterBathBoonFour,Bath,6207,,,Yes,
An orangeish bath,WaterBathBaneOne,Bath,6202,,,Yes,
An orangeish bath,WaterBathBaneTwo,Bath,6204,,,Yes,
An orangeish bath,WaterBathBaneThree,Bath,6206,,,Yes,
An orangeish bath,WaterBathBaneFour,Bath,6208,,,Yes,
An orangeish incense,WaterIncenseBoonOne,Incense,6201,,,Yes,
An orangeish incense,WaterIncenseBoonTwo,Incense,6203,,,Yes,
An orangeish incense,WaterIncenseBoonThree,Incense,6205,,,Yes,
An orangeish incense,WaterIncenseBoonFour,Incense,6207,,,Yes,
An orangeish incense,WaterIncenseBaneOne,Incense,6202,,,Yes,
An orangeish incense,WaterIncenseBaneTwo,Incense,6204,,,Yes,
An orangeish incense,WaterIncenseBaneThree,Incense,6206,,,Yes,
An orangeish incense,WaterIncenseBaneFour,Incense,6208,,,Yes,
A yellowy tea,FireTeaBoonOne,Tea,6301,,,Yes,
A yellowy tea,FireTeaBoonTwo,Tea,6303,,,Yes,
A yellowy tea,FireTeaBoonThree,Tea,6305,,,Yes,
A yellowy tea,FireTeaBoonFour,Tea,6307,,,Yes,
A yellowy tea,FireTeaBaneOne,Tea,6302,,,Yes,
A yellowy tea,FireTeaBaneTwo,Tea,6304,,,Yes,
A yellowy tea,FireTeaBaneThree,Tea,6306,,,Yes,
A yellowy tea,FireTeaBaneFour,Tea,6308,,,Yes,
A yellowy tincture,FireTinctureBoonOne,Tincture,6301,,,Yes,
A yellowy tincture,FireTinctureBoonTwo,Tincture,6303,,,Yes,
A yellowy tincture,FireTinctureBoonThree,Tincture,6305,,,Yes,
A yellowy tincture,FireTinctureBoonFour,Tincture,6307,,,Yes,
A yellowy tincture,FireTinctureBaneOne,Tincture,6302,,,Yes,
A yellowy tincture,FireTinctureBaneTwo,Tincture,6304,,,Yes,
A yellowy tincture,FireTinctureBaneThree,Tincture,6306,,,Yes,
A yellowy tincture,FireTinctureBaneFour,Tincture,6308,,,Yes,
A yellowy salve,FireSalveBoonOne,Salve,6301,,,Yes,
A yellowy salve,FireSalveBoonTwo,Salve,6303,,,Yes,
A yellowy salve,FireSalveBoonThree,Salve,6305,,,Yes,
A yellowy salve,FireSalveBoonFour,Salve,6307,,,Yes,
A yellowy salve,FireSalveBaneOne,Salve,6302,,,Yes,
A yellowy salve,FireSalveBaneTwo,Salve,6304,,,Yes,
A yellowy salve,FireSalveBaneThree,Salve,6306,,,Yes,
A yellowy salve,FireSalveBaneFour,Salve,6308,,,Yes,
A yellowy decoction,FireDecoctionBoonOne,Decoction,6301,,,Yes,
A yellowy decoction,FireDecoctionBoonTwo,Decoction,6303,,,Yes,
A yellowy decoction,FireDecoctionBoonThree,Decoction,6305,,,Yes,
A yellowy decoction,FireDecoctionBoonFour,Decoction,6307,,,Yes,
A yellowy decoction,FireDecoctionBaneOne,Decoction,6302,,,Yes,
A yellowy decoction,FireDecoctionBaneTwo,Decoction,6304,,,Yes,
A yellowy decoction,FireDecoctionBaneThree,Decoction,6306,,,Yes,
A yellowy decoction,FireDecoctionBaneFour,Decoction,6308,,,Yes,
A yellowy bath,FireBathBoonOne,Bath,6301,,,Yes,
A yellowy bath,FireBathBoonTwo,Bath,6303,,,Yes,
A yellowy bath,FireBathBoonThree,Bath,6305,,,Yes,
A yellowy bath,FireBathBoonFour,Bath,6307,,,Yes,
A yellowy bath,FireBathBaneOne,Bath,6302,,,Yes,
A yellowy bath,FireBathBaneTwo,Bath,6304,,,Yes,
A yellowy bath,FireBathBaneThree,Bath,6306,,,Yes,
A yellowy bath,FireBathBaneFour,Bath,6308,,,Yes,
A yellowy incense,FireIncenseBoonOne,Incense,6301,,,Yes,
A yellowy incense,FireIncenseBoonTwo,Incense,6303,,,Yes,
A yellowy incense,FireIncenseBoonThree,Incense,6305,,,Yes,
A yellowy incense,FireIncenseBoonFour,Incense,6307,,,Yes,
A yellowy incense,FireIncenseBaneOne,Incense,6302,,,Yes,
A yellowy incense,FireIncenseBaneTwo,Incense,6304,,,Yes,
A yellowy incense,FireIncenseBaneThree,Incense,6306,,,Yes,
A yellowy incense,FireIncenseBaneFour,Incense,6308,,,Yes,
A greenish tea,AirTeaBoonOne,Tea,6401,,"\textbf{ongoing} Within the next hour, you may speak with someone for a minute, cheering them up or hyping them up. Then they regain 1 Stamina point.",Yes,
A greenish tea,AirTeaBoonTwo,Tea,6403,,"\textbf{ongoing} Within the next hour, you may speak with someone for a minute, cheering them up or hyping them up. Then they regain 2 HP.",Yes,
A greenish tea,AirTeaBoonThree,Tea,6405,,"\textbf{ongoing} Within the next hour, you may speak with someone for a minute, cheering them up or hyping them up. Then they gain 2 max HP for the next hour.",Yes,
A greenish tea,AirTeaBoonFour,Tea,6407,,"\textbf{ongoing} You may speak with someone for a minute, cheering them up or hyping them up. Then they gain 3 max HP until the end of the day. Then remove this ongoing effect.",Yes,
A greenish tea,AirTeaBaneOne,Tea,6402,,,Yes,
A greenish tea,AirTeaBaneTwo,Tea,6404,,,Yes,
A greenish tea,AirTeaBaneThree,Tea,6406,,,Yes,
A greenish tea,AirTeaBaneFour,Tea,6408,,,Yes,
A greenish tincture,AirTinctureBoonOne,Tincture,6401,,,Yes,
A greenish tincture,AirTinctureBoonTwo,Tincture,6403,,,Yes,
A greenish tincture,AirTinctureBoonThree,Tincture,6405,,,Yes,
A greenish tincture,AirTinctureBoonFour,Tincture,6407,,,Yes,
A greenish tincture,AirTinctureBaneOne,Tincture,6402,,,Yes,
A greenish tincture,AirTinctureBaneTwo,Tincture,6404,,,Yes,
A greenish tincture,AirTinctureBaneThree,Tincture,6406,,,Yes,
A greenish tincture,AirTinctureBaneFour,Tincture,6408,,,Yes,
A greenish salve,AirSalveBoonOne,Salve,6401,,,Yes,
A greenish salve,AirSalveBoonTwo,Salve,6403,,,Yes,
A greenish salve,AirSalveBoonThree,Salve,6405,,,Yes,
A greenish salve,AirSalveBoonFour,Salve,6407,,,Yes,
A greenish salve,AirSalveBaneOne,Salve,6402,,,Yes,
A greenish salve,AirSalveBaneTwo,Salve,6404,,,Yes,
A greenish salve,AirSalveBaneThree,Salve,6406,,,Yes,
A greenish salve,AirSalveBaneFour,Salve,6408,,,Yes,
A greenish decoction,AirDecoctionBoonOne,Decoction,6401,,,Yes,
A greenish decoction,AirDecoctionBoonTwo,Decoction,6403,,,Yes,
A greenish decoction,AirDecoctionBoonThree,Decoction,6405,,,Yes,
A greenish decoction,AirDecoctionBoonFour,Decoction,6407,,,Yes,
A greenish decoction,AirDecoctionBaneOne,Decoction,6402,,,Yes,
A greenish decoction,AirDecoctionBaneTwo,Decoction,6404,,,Yes,
A greenish decoction,AirDecoctionBaneThree,Decoction,6406,,,Yes,
A greenish decoction,AirDecoctionBaneFour,Decoction,6408,,,Yes,
A greenish bath,AirBathBoonOne,Bath,6401,,,Yes,
A greenish bath,AirBathBoonTwo,Bath,6403,,,Yes,
A greenish bath,AirBathBoonThree,Bath,6405,,,Yes,
A greenish bath,AirBathBoonFour,Bath,6407,,,Yes,
A greenish bath,AirBathBaneOne,Bath,6402,,,Yes,
A greenish bath,AirBathBaneTwo,Bath,6404,,,Yes,
A greenish bath,AirBathBaneThree,Bath,6406,,,Yes,
A greenish bath,AirBathBaneFour,Bath,6408,,,Yes,
A greenish incense,AirIncenseBoonOne,Incense,6401,,,Yes,
A greenish incense,AirIncenseBoonTwo,Incense,6403,,,Yes,
A greenish incense,AirIncenseBoonThree,Incense,6405,,,Yes,
A greenish incense,AirIncenseBoonFour,Incense,6407,,,Yes,
A greenish incense,AirIncenseBaneOne,Incense,6402,,,Yes,
A greenish incense,AirIncenseBaneTwo,Incense,6404,,,Yes,
A greenish incense,AirIncenseBaneThree,Incense,6406,,,Yes,
A greenish incense,AirIncenseBaneFour,Incense,6408,,,Yes,
A blueish tea,SoundTeaBoonOne,Tea,6501,,,Yes,
A blueish tea,SoundTeaBoonTwo,Tea,6503,,,Yes,
A blueish tea,SoundTeaBoonThree,Tea,6505,,,Yes,
A blueish tea,SoundTeaBoonFour,Tea,6507,,,Yes,
A blueish tea,SoundTeaBaneOne,Tea,6502,,,Yes,
A blueish tea,SoundTeaBaneTwo,Tea,6504,,,Yes,
A blueish tea,SoundTeaBaneThree,Tea,6506,,,Yes,
A blueish tea,SoundTeaBaneFour,Tea,6508,,,Yes,
A blueish tincture,SoundTinctureBoonOne,Tincture,6501,,,Yes,
A blueish tincture,SoundTinctureBoonTwo,Tincture,6503,,,Yes,
A blueish tincture,SoundTinctureBoonThree,Tincture,6505,,,Yes,
A blueish tincture,SoundTinctureBoonFour,Tincture,6507,,,Yes,
A blueish tincture,SoundTinctureBaneOne,Tincture,6502,,,Yes,
A blueish tincture,SoundTinctureBaneTwo,Tincture,6504,,,Yes,
A blueish tincture,SoundTinctureBaneThree,Tincture,6506,,,Yes,
A blueish tincture,SoundTinctureBaneFour,Tincture,6508,,,Yes,
A blueish salve,SoundSalveBoonOne,Salve,6501,,,Yes,
A blueish salve,SoundSalveBoonTwo,Salve,6503,,,Yes,
A blueish salve,SoundSalveBoonThree,Salve,6505,,,Yes,
A blueish salve,SoundSalveBoonFour,Salve,6507,,,Yes,
A blueish salve,SoundSalveBaneOne,Salve,6502,,,Yes,
A blueish salve,SoundSalveBaneTwo,Salve,6504,,,Yes,
A blueish salve,SoundSalveBaneThree,Salve,6506,,,Yes,
A blueish salve,SoundSalveBaneFour,Salve,6508,,,Yes,
A blueish decoction,SoundDecoctionBoonOne,Decoction,6501,,,Yes,
A blueish decoction,SoundDecoctionBoonTwo,Decoction,6503,,,Yes,
A blueish decoction,SoundDecoctionBoonThree,Decoction,6505,,,Yes,
A blueish decoction,SoundDecoctionBoonFour,Decoction,6507,,,Yes,
A blueish decoction,SoundDecoctionBaneOne,Decoction,6502,,,Yes,
A blueish decoction,SoundDecoctionBaneTwo,Decoction,6504,,,Yes,
A blueish decoction,SoundDecoctionBaneThree,Decoction,6506,,,Yes,
A blueish decoction,SoundDecoctionBaneFour,Decoction,6508,,,Yes,
A blueish bath,SoundBathBoonOne,Bath,6501,,,Yes,
A blueish bath,SoundBathBoonTwo,Bath,6503,,,Yes,
A blueish bath,SoundBathBoonThree,Bath,6505,,,Yes,
A blueish bath,SoundBathBoonFour,Bath,6507,,,Yes,
A blueish bath,SoundBathBaneOne,Bath,6502,,,Yes,
A blueish bath,SoundBathBaneTwo,Bath,6504,,,Yes,
A blueish bath,SoundBathBaneThree,Bath,6506,,,Yes,
A blueish bath,SoundBathBaneFour,Bath,6508,,,Yes,
A blueish incense,SoundIncenseBoonOne,Incense,6501,,,Yes,
A blueish incense,SoundIncenseBoonTwo,Incense,6503,,,Yes,
A blueish incense,SoundIncenseBoonThree,Incense,6505,,,Yes,
A blueish incense,SoundIncenseBoonFour,Incense,6507,,,Yes,
A blueish incense,SoundIncenseBaneOne,Incense,6502,,,Yes,
A blueish incense,SoundIncenseBaneTwo,Incense,6504,,,Yes,
A blueish incense,SoundIncenseBaneThree,Incense,6506,,,Yes,
A blueish incense,SoundIncenseBaneFour,Incense,6508,,,Yes,
An indigo tea,LightTeaBoonOne,Tea,6601,,,Yes,
An indigo tea,LightTeaBoonTwo,Tea,6603,,,Yes,
An indigo tea,LightTeaBoonThree,Tea,6605,,\textbf{ongoing} Increase your bending stat by 1 for the next 10 minutes.,Yes,
An indigo tea,LightTeaBoonFour,Tea,6607,,\textbf{ongoing} Increase your bending stat by 1 for the rest of the day,Yes,
An indigo tea,LightTeaBaneOne,Tea,6602,,,Yes,
An indigo tea,LightTeaBaneTwo,Tea,6604,,,Yes,
An indigo tea,LightTeaBaneThree,Tea,6606,,,Yes,
An indigo tea,LightTeaBaneFour,Tea,6608,,,Yes,
An indigo tincture,LightTinctureBoonOne,Tincture,6601,,,Yes,
An indigo tincture,LightTinctureBoonTwo,Tincture,6603,,,Yes,
An indigo tincture,LightTinctureBoonThree,Tincture,6605,,,Yes,
An indigo tincture,LightTinctureBoonFour,Tincture,6607,,,Yes,
An indigo tincture,LightTinctureBaneOne,Tincture,6602,,,Yes,
An indigo tincture,LightTinctureBaneTwo,Tincture,6604,,,Yes,
An indigo tincture,LightTinctureBaneThree,Tincture,6606,,,Yes,
An indigo tincture,LightTinctureBaneFour,Tincture,6608,,,Yes,
An indigo salve,LightSalveBoonOne,Salve,6601,,,Yes,
An indigo salve,LightSalveBoonTwo,Salve,6603,,,Yes,
An indigo salve,LightSalveBoonThree,Salve,6605,,,Yes,
An indigo salve,LightSalveBoonFour,Salve,6607,,,Yes,
An indigo salve,LightSalveBaneOne,Salve,6602,,,Yes,
An indigo salve,LightSalveBaneTwo,Salve,6604,,,Yes,
An indigo salve,LightSalveBaneThree,Salve,6606,,,Yes,
An indigo salve,LightSalveBaneFour,Salve,6608,,,Yes,
An indigo decoction,LightDecoctionBoonOne,Decoction,6601,,,Yes,
An indigo decoction,LightDecoctionBoonTwo,Decoction,6603,,,Yes,
An indigo decoction,LightDecoctionBoonThree,Decoction,6605,,,Yes,
An indigo decoction,LightDecoctionBoonFour,Decoction,6607,,,Yes,
An indigo decoction,LightDecoctionBaneOne,Decoction,6602,,,Yes,
An indigo decoction,LightDecoctionBaneTwo,Decoction,6604,,,Yes,
An indigo decoction,LightDecoctionBaneThree,Decoction,6606,,,Yes,
An indigo decoction,LightDecoctionBaneFour,Decoction,6608,,,Yes,
An indigo bath,LightBathBoonOne,Bath,6601,,,Yes,
An indigo bath,LightBathBoonTwo,Bath,6603,,,Yes,
An indigo bath,LightBathBoonThree,Bath,6605,,,Yes,
An indigo bath,LightBathBoonFour,Bath,6607,,,Yes,
An indigo bath,LightBathBaneOne,Bath,6602,,,Yes,
An indigo bath,LightBathBaneTwo,Bath,6604,,,Yes,
An indigo bath,LightBathBaneThree,Bath,6606,,,Yes,
An indigo bath,LightBathBaneFour,Bath,6608,,,Yes,
An indigo incense,LightIncenseBoonOne,Incense,6601,,,Yes,
An indigo incense,LightIncenseBoonTwo,Incense,6603,,,Yes,
An indigo incense,LightIncenseBoonThree,Incense,6605,,,Yes,
An indigo incense,LightIncenseBoonFour,Incense,6607,,,Yes,
An indigo incense,LightIncenseBaneOne,Incense,6602,,,Yes,
An indigo incense,LightIncenseBaneTwo,Incense,6604,,,Yes,
An indigo incense,LightIncenseBaneThree,Incense,6606,,,Yes,
An indigo incense,LightIncenseBaneFour,Incense,6608,,,Yes,
A violet tea,ThoughtTeaBoonOne,Tea,6701,,Restore 1 Chi point.,Yes,
A violet tea,ThoughtTeaBoonTwo,Tea,6703,,Restore 3 Chi points.,Yes,
A violet tea,ThoughtTeaBoonThree,Tea,6705,,\textbf{ongoing} Increase your bending stat by 1 for the next 10 minutes.,Yes,
A violet tea,ThoughtTeaBoonFour,Tea,6707,,\textbf{ongoing} Increase your bending stat by 1 for the rest of the day,Yes,
A violet tea,ThoughtTeaBaneOne,Tea,6702,,\textbf{Poison} Reduce your Chi stat by 2 for the rest of the day.,Yes,
A violet tea,ThoughtTeaBaneTwo,Tea,6704,,\textbf{Poison} Reduce your Chi stat by 4.,Yes,
A violet tea,ThoughtTeaBaneThree,Tea,6706,,\textbf{Poison} Reduce your Chi stat by 6.,Yes,
A violet tea,ThoughtTeaBaneFour,Tea,6708,,\textbf{Lasting Poison} Reduce your Chi stat by 6.,Yes,
A violet tincture,ThoughtTinctureBoonOne,Tincture,6701,,Restore 1 Chi point.,Yes,
A violet tincture,ThoughtTinctureBoonTwo,Tincture,6703,,Restore 2 Chi points.,Yes,
A violet tincture,ThoughtTinctureBoonThree,Tincture,6705,,\textbf{ongoing} Increase your bending stat by 1 for the next 10 minutes.,Yes,
A violet tincture,ThoughtTinctureBoonFour,Tincture,6707,,\textbf{Ongoing} Increase your Chi stat by 4 until this is removed.,Yes,
A violet tincture,ThoughtTinctureBaneOne,Tincture,6702,,\textbf{Poison} Reduce your Chi stat by 2 for the rest of the day.,Yes,
A violet tincture,ThoughtTinctureBaneTwo,Tincture,6704,,\textbf{Poison} Reduce your Chi stat by 4 for the rest of the day,Yes,
A violet tincture,ThoughtTinctureBaneThree,Tincture,6706,,\textbf{Poison} Reduce your Chi stat by 6 for the rest of the day.,Yes,
A violet tincture,ThoughtTinctureBaneFour,Tincture,6708,,\textbf{Lasting Poison} Reduce your Chi stat by 8 until this is removed.,Yes,
A violet salve,ThoughtSalveBoonOne,Salve,6701,,Restore 1 Chi point.,Yes,
A violet salve,ThoughtSalveBoonTwo,Salve,6703,,Restore 2 Chi points.,Yes,
A violet salve,ThoughtSalveBoonThree,Salve,6705,,\textbf{ongoing} Increase your bending stat by 1 for the next 10 minutes.,Yes,
A violet salve,ThoughtSalveBoonFour,Salve,6707,,\textbf{Ongoing} Increase your Chi stat by 4 until this is removed.,Yes,
A violet salve,ThoughtSalveBaneOne,Salve,6702,,\textbf{Poison} Reduce your Chi stat by 2 for the rest of the day.,Yes,
A violet salve,ThoughtSalveBaneTwo,Salve,6704,,\textbf{Poison} Reduce your Chi stat by 4 for the rest of the day,Yes,
A violet salve,ThoughtSalveBaneThree,Salve,6706,,\textbf{Poison} Reduce your Chi stat by 6 for the rest of the day.,Yes,
A violet salve,ThoughtSalveBaneFour,Salve,6708,,\textbf{Lasting Poison} Reduce your Chi stat by 8 until this is removed.,Yes,
A violet decoction,ThoughtDecoctionBoonOne,Decoction,6701,,Restore 1 Chi point.,Yes,
A violet decoction,ThoughtDecoctionBoonTwo,Decoction,6703,,Restore 2 Chi points.,Yes,
A violet decoction,ThoughtDecoctionBoonThree,Decoction,6705,,\textbf{ongoing} Increase your bending stat by 1 for the next 10 minutes.,Yes,
A violet decoction,ThoughtDecoctionBoonFour,Decoction,6707,,\textbf{Ongoing} Increase your Chi stat by 4 until this is removed.,Yes,
A violet decoction,ThoughtDecoctionBaneOne,Decoction,6702,,\textbf{Poison} Reduce your Chi stat by 2 for the rest of the day.,Yes,
A violet decoction,ThoughtDecoctionBaneTwo,Decoction,6704,,\textbf{Poison} Reduce your Chi stat by 4 for the rest of the day,Yes,
A violet decoction,ThoughtDecoctionBaneThree,Decoction,6706,,\textbf{Poison} Reduce your Chi stat by 6 for the rest of the day.,Yes,
A violet decoction,ThoughtDecoctionBaneFour,Decoction,6708,,\textbf{Lasting Poison} Reduce your Chi stat by 8 until this is removed.,Yes,
A violet bath,ThoughtBathBoonOne,Bath,6701,,Restore 1 Chi point.,Yes,
A violet bath,ThoughtBathBoonTwo,Bath,6703,,Restore 2 Chi points.,Yes,
A violet bath,ThoughtBathBoonThree,Bath,6705,,\textbf{ongoing} Increase your bending stat by 1 for the next 10 minutes.,Yes,
A violet bath,ThoughtBathBoonFour,Bath,6707,,\textbf{Ongoing} Increase your Chi stat by 4 until this is removed.,Yes,
A violet bath,ThoughtBathBaneOne,Bath,6702,,\textbf{Poison} Reduce your Chi stat by 2 for the rest of the day.,Yes,
A violet bath,ThoughtBathBaneTwo,Bath,6704,,\textbf{Poison} Reduce your Chi stat by 4 for the rest of the day,Yes,
A violet bath,ThoughtBathBaneThree,Bath,6706,,\textbf{Poison} Reduce your Chi stat by 6 for the rest of the day.,Yes,
A violet bath,ThoughtBathBaneFour,Bath,6708,,\textbf{Lasting Poison} Reduce your Chi stat by 8 until this is removed.,Yes,
A violet incense,ThoughtIncenseBoonOne,Incense,6701,,Restore 1 Chi point.,Yes,
A violet incense,ThoughtIncenseBoonTwo,Incense,6703,,Restore 2 Chi points.,Yes,
A violet incense,ThoughtIncenseBoonThree,Incense,6705,,\textbf{ongoing} Increase your bending stat by 1 for the next 10 minutes.,Yes,
A violet incense,ThoughtIncenseBoonFour,Incense,6707,,\textbf{Ongoing} Increase your Chi stat by 4 until this is removed.,Yes,
A violet incense,ThoughtIncenseBaneOne,Incense,6702,,\textbf{Poison} Reduce your Chi stat by 2 for the rest of the day.,Yes,
A violet incense,ThoughtIncenseBaneTwo,Incense,6704,,\textbf{Poison} Reduce your Chi stat by 4 for the rest of the day,Yes,
A violet incense,ThoughtIncenseBaneThree,Incense,6706,,\textbf{Poison} Reduce your Chi stat by 6 for the rest of the day.,Yes,
A violet incense,ThoughtIncenseBaneFour,Incense,6708,,\textbf{Lasting Poison} Reduce your Chi stat by 8 until this is removed.,Yes,
A fragrant tea,BigTeaHeal,Tea,6997,,You may remove any one \textbf{poison} or \textbf{lasting poison} effect you are currently under.,Yes,
A fragrant tea,BigTeaHarm,Tea,6998,,Remove all \textbf{ongoing} effects from herbal products.,Yes,
A fragrant tincture,BigTinctureHeal,Tincture,6997,,You may remove any one \textbf{poison} or \textbf{lasting poison} effect you are currently under.,Yes,
A fragrant tincture,BigTinctureHarm,Tincture,6998,,Remove all \textbf{ongoing} effects from herbal products.,Yes,
A fragrant salve,BigSalveHeal,Salve,6997,,You may remove any one \textbf{poison} or \textbf{lasting poison} effect you are currently under.,Yes,
A fragrant salve,BigSalveHarm,Salve,6998,,Remove all \textbf{ongoing} effects from herbal products.,Yes,
A fragrant decoction,BigDecoctionHeal,Decoction,6997,,You may remove any one \textbf{poison} or \textbf{lasting poison} effect you are currently under.,Yes,
A fragrant decoction,BigDecoctionHarm,Decoction,6998,,Remove all \textbf{ongoing} effects from herbal products.,Yes,
A fragrant bath,BigBathHeal,Bath,6997,,You may remove any one \textbf{poison} or \textbf{lasting poison} effect you are currently under.,Yes,
A fragrant bath,BigBathHarm,Bath,6998,,Remove all \textbf{ongoing} effects from herbal products.,Yes,
A fragrant incense,BigIncenseHeal,Incense,6997,,You may remove any one \textbf{poison} or \textbf{lasting poison} effect you are currently under.,Yes,
A fragrant incense,BigIncenseHarm,Incense,6998,,Remove all \textbf{ongoing} effects from herbal products.,Yes,
A fragrant reddish tea,EarthTeaHealOne,Tea,6191,,You may remove any one \textbf{poison} from an herbal product with a second digit of 1 and fourth digit of 2 or less,Yes,
A fragrant reddish tea,EarthTeaHealTwo,Tea,6193,,You may remove any one \textbf{poison} from an herbal product with a second digit of 1 and fourth digit of 4 or less,Yes,
A fragrant reddish tea,EarthTeaHealThree,Tea,6195,,You may remove any one \textbf{poison} from an herbal product with a second digit of 1 and fourth digit of 6 or less,Yes,
A fragrant reddish tea,EarthTeaHealFour,Tea,6197,,You may remove any one \textbf{poison} or \textbf{lasting poison} from an herbal product with a second digit of 1.,Yes,
A fragrant reddish tea,EarthTeaHarmOne,Tea,6192,,Remove all \textbf{ongoing} effects from herbal products with a 1 in the second digit or third digit and a fourth digit of 2 or less.,Yes,
A fragrant reddish tea,EarthTeaHarmTwo,Tea,6194,,Remove all \textbf{ongoing} effects from herbal products with a 1 in the second digit or third digit and a fourth digit of 4 or less.,Yes,
A fragrant reddish tea,EarthTeaHarmThree,Tea,6196,,Remove all \textbf{ongoing} effects from herbal products with a 1 in the second digit or third digit and a fourth digit of 6 or less.,Yes,
A fragrant reddish tea,EarthTeaHarmFour,Tea,6198,,Remove all \textbf{ongoing} effects from herbal products with a 1 in the second digit or third digit.,Yes,
A fragrant reddish tincture,EarthTinctureHealOne,Tincture,6191,,You may remove any one \textbf{poison} from an herbal product with a second digit of 1 and fourth digit of 2 or less,Yes,
A fragrant reddish tincture,EarthTinctureHealTwo,Tincture,6193,,You may remove any one \textbf{poison} from an herbal product with a second digit of 1 and fourth digit of 4 or less,Yes,
A fragrant reddish tincture,EarthTinctureHealThree,Tincture,6195,,You may remove any one \textbf{poison} from an herbal product with a second digit of 1 and fourth digit of 6 or less,Yes,
A fragrant reddish tincture,EarthTinctureHealFour,Tincture,6197,,You may remove any one \textbf{poison} or \textbf{lasting poison} from an herbal product with a second digit of 1.,Yes,
A fragrant reddish tincture,EarthTinctureHarmOne,Tincture,6192,,Remove all \textbf{ongoing} effects from herbal products with a 1 in the second digit or third digit and a fourth digit of 2 or less.,Yes,
A fragrant reddish tincture,EarthTinctureHarmTwo,Tincture,6194,,Remove all \textbf{ongoing} effects from herbal products with a 1 in the second digit or third digit and a fourth digit of 4 or less.,Yes,
A fragrant reddish tincture,EarthTinctureHarmThree,Tincture,6196,,Remove all \textbf{ongoing} effects from herbal products with a 1 in the second digit or third digit and a fourth digit of 6 or less.,Yes,
A fragrant reddish tincture,EarthTinctureHarmFour,Tincture,6198,,Remove all \textbf{ongoing} effects from herbal products with a 1 in the second digit or third digit.,Yes,
A fragrant reddish salve,EarthSalveHealOne,Salve,6191,,You may remove any one \textbf{poison} from an herbal product with a second digit of 1 and fourth digit of 2 or less,Yes,
A fragrant reddish salve,EarthSalveHealTwo,Salve,6193,,You may remove any one \textbf{poison} from an herbal product with a second digit of 1 and fourth digit of 4 or less,Yes,
A fragrant reddish salve,EarthSalveHealThree,Salve,6195,,You may remove any one \textbf{poison} from an herbal product with a second digit of 1 and fourth digit of 6 or less,Yes,
A fragrant reddish salve,EarthSalveHealFour,Salve,6197,,You may remove any one \textbf{poison} or \textbf{lasting poison} from an herbal product with a second digit of 1.,Yes,
A fragrant reddish salve,EarthSalveHarmOne,Salve,6192,,Remove all \textbf{ongoing} effects from herbal products with a 1 in the second digit or third digit and a fourth digit of 2 or less.,Yes,
A fragrant reddish salve,EarthSalveHarmTwo,Salve,6194,,Remove all \textbf{ongoing} effects from herbal products with a 1 in the second digit or third digit and a fourth digit of 4 or less.,Yes,
A fragrant reddish salve,EarthSalveHarmThree,Salve,6196,,Remove all \textbf{ongoing} effects from herbal products with a 1 in the second digit or third digit and a fourth digit of 6 or less.,Yes,
A fragrant reddish salve,EarthSalveHarmFour,Salve,6198,,Remove all \textbf{ongoing} effects from herbal products with a 1 in the second digit or third digit.,Yes,
A fragrant reddish decoction,EarthDecoctionHealOne,Decoction,6191,,You may remove any one \textbf{poison} from an herbal product with a second digit of 1 and fourth digit of 2 or less,Yes,
A fragrant reddish decoction,EarthDecoctionHealTwo,Decoction,6193,,You may remove any one \textbf{poison} from an herbal product with a second digit of 1 and fourth digit of 4 or less,Yes,
A fragrant reddish decoction,EarthDecoctionHealThree,Decoction,6195,,You may remove any one \textbf{poison} from an herbal product with a second digit of 1 and fourth digit of 6 or less,Yes,
A fragrant reddish decoction,EarthDecoctionHealFour,Decoction,6197,,You may remove any one \textbf{poison} or \textbf{lasting poison} from an herbal product with a second digit of 1.,Yes,
A fragrant reddish decoction,EarthDecoctionHarmOne,Decoction,6192,,Remove all \textbf{ongoing} effects from herbal products with a 1 in the second digit or third digit and a fourth digit of 2 or less.,Yes,
A fragrant reddish decoction,EarthDecoctionHarmTwo,Decoction,6194,,Remove all \textbf{ongoing} effects from herbal products with a 1 in the second digit or third digit and a fourth digit of 4 or less.,Yes,
A fragrant reddish decoction,EarthDecoctionHarmThree,Decoction,6196,,Remove all \textbf{ongoing} effects from herbal products with a 1 in the second digit or third digit and a fourth digit of 6 or less.,Yes,
A fragrant reddish decoction,EarthDecoctionHarmFour,Decoction,6198,,Remove all \textbf{ongoing} effects from herbal products with a 1 in the second digit or third digit.,Yes,
A fragrant reddish bath,EarthBathHealOne,Bath,6191,,You may remove any one \textbf{poison} from an herbal product with a second digit of 1 and fourth digit of 2 or less,Yes,
A fragrant reddish bath,EarthBathHealTwo,Bath,6193,,You may remove any one \textbf{poison} from an herbal product with a second digit of 1 and fourth digit of 4 or less,Yes,
A fragrant reddish bath,EarthBathHealThree,Bath,6195,,You may remove any one \textbf{poison} from an herbal product with a second digit of 1 and fourth digit of 6 or less,Yes,
A fragrant reddish bath,EarthBathHealFour,Bath,6197,,You may remove any one \textbf{poison} or \textbf{lasting poison} from an herbal product with a second digit of 1.,Yes,
A fragrant reddish bath,EarthBathHarmOne,Bath,6192,,Remove all \textbf{ongoing} effects from herbal products with a 1 in the second digit or third digit and a fourth digit of 2 or less.,Yes,
A fragrant reddish bath,EarthBathHarmTwo,Bath,6194,,Remove all \textbf{ongoing} effects from herbal products with a 1 in the second digit or third digit and a fourth digit of 4 or less.,Yes,
A fragrant reddish bath,EarthBathHarmThree,Bath,6196,,Remove all \textbf{ongoing} effects from herbal products with a 1 in the second digit or third digit and a fourth digit of 6 or less.,Yes,
A fragrant reddish bath,EarthBathHarmFour,Bath,6198,,Remove all \textbf{ongoing} effects from herbal products with a 1 in the second digit or third digit.,Yes,
A fragrant reddish incsense,EarthIncenseHealOne,Incense,6191,,You may remove any one \textbf{poison} from an herbal product with a second digit of 1 and fourth digit of 2 or less,Yes,
A fragrant reddish incsense,EarthIncenseHealTwo,Incense,6193,,You may remove any one \textbf{poison} from an herbal product with a second digit of 1 and fourth digit of 4 or less,Yes,
A fragrant reddish incsense,EarthIncenseHealThree,Incense,6195,,You may remove any one \textbf{poison} from an herbal product with a second digit of 1 and fourth digit of 6 or less,Yes,
A fragrant reddish incsense,EarthIncenseHealFour,Incense,6197,,You may remove any one \textbf{poison} or \textbf{lasting poison} from an herbal product with a second digit of 1.,Yes,
A fragrant reddish incsense,EarthIncenseHarmOne,Incense,6192,,Remove all \textbf{ongoing} effects from herbal products with a 1 in the second digit or third digit and a fourth digit of 2 or less.,Yes,
A fragrant reddish incsense,EarthIncenseHarmTwo,Incense,6194,,Remove all \textbf{ongoing} effects from herbal products with a 1 in the second digit or third digit and a fourth digit of 4 or less.,Yes,
A fragrant reddish incsense,EarthIncenseHarmThree,Incense,6196,,Remove all \textbf{ongoing} effects from herbal products with a 1 in the second digit or third digit and a fourth digit of 6 or less.,Yes,
A fragrant reddish incsense,EarthIncenseHarmFour,Incense,6198,,Remove all \textbf{ongoing} effects from herbal products with a 1 in the second digit or third digit.,Yes,
A fragrant orangeish tea,WaterTeaHealOne,Tea,6291,,You may remove any one \textbf{poison} from an herbal product with a second digit of 2 and fourth digit of 2 or less,Yes,
A fragrant orangeish tea,WaterTeaHealTwo,Tea,6293,,You may remove any one \textbf{poison} from an herbal product with a second digit of 2 and fourth digit of 4 or less,Yes,
A fragrant orangeish tea,WaterTeaHealThree,Tea,6295,,You may remove any one \textbf{poison} from an herbal product with a second digit of 2 and fourth digit of 6 or less,Yes,
A fragrant orangeish tea,WaterTeaHealFour,Tea,6297,,You may remove any one \textbf{poison} or \textbf{lasting poison} from an herbal product with a second digit of 2.,Yes,
A fragrant orangeish tea,WaterTeaHarmOne,Tea,6292,,Remove all \textbf{ongoing} effects from herbal products with a 2 in the second digit or third digit and a fourth digit of 2 or less.,Yes,
A fragrant orangeish tea,WaterTeaHarmTwo,Tea,6294,,Remove all \textbf{ongoing} effects from herbal products with a 2 in the second digit or third digit and a fourth digit of 4 or less.,Yes,
A fragrant orangeish tea,WaterTeaHarmThree,Tea,6296,,Remove all \textbf{ongoing} effects from herbal products with a 2 in the second digit or third digit and a fourth digit of 6 or less.,Yes,
A fragrant orangeish tea,WaterTeaHarmFour,Tea,6298,,Remove all \textbf{ongoing} effects from herbal products with a 2 in the second digit or third digit.,Yes,
A fragrant orangeish tincture,WaterTinctureHealOne,Tincture,6291,,You may remove any one \textbf{poison} from an herbal product with a second digit of 2 and fourth digit of 2 or less,Yes,
A fragrant orangeish tincture,WaterTinctureHealTwo,Tincture,6293,,You may remove any one \textbf{poison} from an herbal product with a second digit of 2 and fourth digit of 4 or less,Yes,
A fragrant orangeish tincture,WaterTinctureHealThree,Tincture,6295,,You may remove any one \textbf{poison} from an herbal product with a second digit of 2 and fourth digit of 6 or less,Yes,
A fragrant orangeish tincture,WaterTinctureHealFour,Tincture,6297,,You may remove any one \textbf{poison} or \textbf{lasting poison} from an herbal product with a second digit of 2.,Yes,
A fragrant orangeish tincture,WaterTinctureHarmOne,Tincture,6292,,Remove all \textbf{ongoing} effects from herbal products with a 2 in the second digit or third digit and a fourth digit of 2 or less.,Yes,
A fragrant orangeish tincture,WaterTinctureHarmTwo,Tincture,6294,,Remove all \textbf{ongoing} effects from herbal products with a 2 in the second digit or third digit and a fourth digit of 4 or less.,Yes,
A fragrant orangeish tincture,WaterTinctureHarmThree,Tincture,6296,,Remove all \textbf{ongoing} effects from herbal products with a 2 in the second digit or third digit and a fourth digit of 6 or less.,Yes,
A fragrant orangeish tincture,WaterTinctureHarmFour,Tincture,6298,,Remove all \textbf{ongoing} effects from herbal products with a 2 in the second digit or third digit.,Yes,
A fragrant orangeish salve,WaterSalveHealOne,Salve,6291,,You may remove any one \textbf{poison} from an herbal product with a second digit of 2 and fourth digit of 2 or less,Yes,
A fragrant orangeish salve,WaterSalveHealTwo,Salve,6293,,You may remove any one \textbf{poison} from an herbal product with a second digit of 2 and fourth digit of 4 or less,Yes,
A fragrant orangeish salve,WaterSalveHealThree,Salve,6295,,You may remove any one \textbf{poison} from an herbal product with a second digit of 2 and fourth digit of 6 or less,Yes,
A fragrant orangeish salve,WaterSalveHealFour,Salve,6297,,You may remove any one \textbf{poison} or \textbf{lasting poison} from an herbal product with a second digit of 2.,Yes,
A fragrant orangeish salve,WaterSalveHarmOne,Salve,6292,,Remove all \textbf{ongoing} effects from herbal products with a 2 in the second digit or third digit and a fourth digit of 2 or less.,Yes,
A fragrant orangeish salve,WaterSalveHarmTwo,Salve,6294,,Remove all \textbf{ongoing} effects from herbal products with a 2 in the second digit or third digit and a fourth digit of 4 or less.,Yes,
A fragrant orangeish salve,WaterSalveHarmThree,Salve,6296,,Remove all \textbf{ongoing} effects from herbal products with a 2 in the second digit or third digit and a fourth digit of 6 or less.,Yes,
A fragrant orangeish salve,WaterSalveHarmFour,Salve,6298,,Remove all \textbf{ongoing} effects from herbal products with a 2 in the second digit or third digit.,Yes,
A fragrant orangeish decoction,WaterDecoctionHealOne,Decoction,6291,,You may remove any one \textbf{poison} from an herbal product with a second digit of 2 and fourth digit of 2 or less,Yes,
A fragrant orangeish decoction,WaterDecoctionHealTwo,Decoction,6293,,You may remove any one \textbf{poison} from an herbal product with a second digit of 2 and fourth digit of 4 or less,Yes,
A fragrant orangeish decoction,WaterDecoctionHealThree,Decoction,6295,,You may remove any one \textbf{poison} from an herbal product with a second digit of 2 and fourth digit of 6 or less,Yes,
A fragrant orangeish decoction,WaterDecoctionHealFour,Decoction,6297,,You may remove any one \textbf{poison} or \textbf{lasting poison} from an herbal product with a second digit of 2.,Yes,
A fragrant orangeish decoction,WaterDecoctionHarmOne,Decoction,6292,,Remove all \textbf{ongoing} effects from herbal products with a 2 in the second digit or third digit and a fourth digit of 2 or less.,Yes,
A fragrant orangeish decoction,WaterDecoctionHarmTwo,Decoction,6294,,Remove all \textbf{ongoing} effects from herbal products with a 2 in the second digit or third digit and a fourth digit of 4 or less.,Yes,
A fragrant orangeish decoction,WaterDecoctionHarmThree,Decoction,6296,,Remove all \textbf{ongoing} effects from herbal products with a 2 in the second digit or third digit and a fourth digit of 6 or less.,Yes,
A fragrant orangeish decoction,WaterDecoctionHarmFour,Decoction,6298,,Remove all \textbf{ongoing} effects from herbal products with a 2 in the second digit or third digit.,Yes,
A fragrant orangeish bath,WaterBathHealOne,Bath,6291,,You may remove any one \textbf{poison} from an herbal product with a second digit of 2 and fourth digit of 2 or less,Yes,
A fragrant orangeish bath,WaterBathHealTwo,Bath,6293,,You may remove any one \textbf{poison} from an herbal product with a second digit of 2 and fourth digit of 4 or less,Yes,
A fragrant orangeish bath,WaterBathHealThree,Bath,6295,,You may remove any one \textbf{poison} from an herbal product with a second digit of 2 and fourth digit of 6 or less,Yes,
A fragrant orangeish bath,WaterBathHealFour,Bath,6297,,You may remove any one \textbf{poison} or \textbf{lasting poison} from an herbal product with a second digit of 2.,Yes,
A fragrant orangeish bath,WaterBathHarmOne,Bath,6292,,Remove all \textbf{ongoing} effects from herbal products with a 2 in the second digit or third digit and a fourth digit of 2 or less.,Yes,
A fragrant orangeish bath,WaterBathHarmTwo,Bath,6294,,Remove all \textbf{ongoing} effects from herbal products with a 2 in the second digit or third digit and a fourth digit of 4 or less.,Yes,
A fragrant orangeish bath,WaterBathHarmThree,Bath,6296,,Remove all \textbf{ongoing} effects from herbal products with a 2 in the second digit or third digit and a fourth digit of 6 or less.,Yes,
A fragrant orangeish bath,WaterBathHarmFour,Bath,6298,,Remove all \textbf{ongoing} effects from herbal products with a 2 in the second digit or third digit.,Yes,
A fragrant orangeish incense,WaterIncenseHealOne,Incense,6291,,You may remove any one \textbf{poison} from an herbal product with a second digit of 2 and fourth digit of 2 or less,Yes,
A fragrant orangeish incense,WaterIncenseHealTwo,Incense,6293,,You may remove any one \textbf{poison} from an herbal product with a second digit of 2 and fourth digit of 4 or less,Yes,
A fragrant orangeish incense,WaterIncenseHealThree,Incense,6295,,You may remove any one \textbf{poison} from an herbal product with a second digit of 2 and fourth digit of 6 or less,Yes,
A fragrant orangeish incense,WaterIncenseHealFour,Incense,6297,,You may remove any one \textbf{poison} or \textbf{lasting poison} from an herbal product with a second digit of 2.,Yes,
A fragrant orangeish incense,WaterIncenseHarmOne,Incense,6292,,Remove all \textbf{ongoing} effects from herbal products with a 2 in the second digit or third digit and a fourth digit of 2 or less.,Yes,
A fragrant orangeish incense,WaterIncenseHarmTwo,Incense,6294,,Remove all \textbf{ongoing} effects from herbal products with a 2 in the second digit or third digit and a fourth digit of 4 or less.,Yes,
A fragrant orangeish incense,WaterIncenseHarmThree,Incense,6296,,Remove all \textbf{ongoing} effects from herbal products with a 2 in the second digit or third digit and a fourth digit of 6 or less.,Yes,
A fragrant orangeish incense,WaterIncenseHarmFour,Incense,6298,,Remove all \textbf{ongoing} effects from herbal products with a 2 in the second digit or third digit.,Yes,
A fragrant yellowish tea,FireTeaHealOne,Tea,6391,,You may remove any one \textbf{poison} from an herbal product with a second digit of 3 and fourth digit of 2 or less,Yes,
A fragrant yellowish tea,FireTeaHealTwo,Tea,6393,,You may remove any one \textbf{poison} from an herbal product with a second digit of 3 and fourth digit of 4 or less,Yes,
A fragrant yellowish tea,FireTeaHealThree,Tea,6395,,You may remove any one \textbf{poison} from an herbal product with a second digit of 3 and fourth digit of 6 or less,Yes,
A fragrant yellowish tea,FireTeaHealFour,Tea,6397,,You may remove any one \textbf{poison} or \textbf{lasting poison} from an herbal product with a second digit of 3.,Yes,
A fragrant yellowish tea,FireTeaHarmOne,Tea,6392,,Remove all \textbf{ongoing} effects from herbal products with a 3 in the second digit or third digit and a fourth digit of 2 or less.,Yes,
A fragrant yellowish tea,FireTeaHarmTwo,Tea,6394,,Remove all \textbf{ongoing} effects from herbal products with a 3 in the second digit or third digit and a fourth digit of 4 or less.,Yes,
A fragrant yellowish tea,FireTeaHarmThree,Tea,6396,,Remove all \textbf{ongoing} effects from herbal products with a 3 in the second digit or third digit and a fourth digit of 6 or less.,Yes,
A fragrant yellowish tea,FireTeaHarmFour,Tea,6398,,Remove all \textbf{ongoing} effects from herbal products with a 3 in the second digit or third digit.,Yes,
A fragrant yellowish tincture,FireTinctureHealOne,Tincture,6391,,You may remove any one \textbf{poison} from an herbal product with a second digit of 3 and fourth digit of 2 or less,Yes,
A fragrant yellowish tincture,FireTinctureHealTwo,Tincture,6393,,You may remove any one \textbf{poison} from an herbal product with a second digit of 3 and fourth digit of 4 or less,Yes,
A fragrant yellowish tincture,FireTinctureHealThree,Tincture,6395,,You may remove any one \textbf{poison} from an herbal product with a second digit of 3 and fourth digit of 6 or less,Yes,
A fragrant yellowish tincture,FireTinctureHealFour,Tincture,6397,,You may remove any one \textbf{poison} or \textbf{lasting poison} from an herbal product with a second digit of 3.,Yes,
A fragrant yellowish tincture,FireTinctureHarmOne,Tincture,6392,,Remove all \textbf{ongoing} effects from herbal products with a 3 in the second digit or third digit and a fourth digit of 2 or less.,Yes,
A fragrant yellowish tincture,FireTinctureHarmTwo,Tincture,6394,,Remove all \textbf{ongoing} effects from herbal products with a 3 in the second digit or third digit and a fourth digit of 4 or less.,Yes,
A fragrant yellowish tincture,FireTinctureHarmThree,Tincture,6396,,Remove all \textbf{ongoing} effects from herbal products with a 3 in the second digit or third digit and a fourth digit of 6 or less.,Yes,
A fragrant yellowish tincture,FireTinctureHarmFour,Tincture,6398,,Remove all \textbf{ongoing} effects from herbal products with a 3 in the second digit or third digit.,Yes,
A fragrant yellowish salve,FireSalveHealOne,Salve,6391,,You may remove any one \textbf{poison} from an herbal product with a second digit of 3 and fourth digit of 2 or less,Yes,
A fragrant yellowish salve,FireSalveHealTwo,Salve,6393,,You may remove any one \textbf{poison} from an herbal product with a second digit of 3 and fourth digit of 4 or less,Yes,
A fragrant yellowish salve,FireSalveHealThree,Salve,6395,,You may remove any one \textbf{poison} from an herbal product with a second digit of 3 and fourth digit of 6 or less,Yes,
A fragrant yellowish salve,FireSalveHealFour,Salve,6397,,You may remove any one \textbf{poison} or \textbf{lasting poison} from an herbal product with a second digit of 3.,Yes,
A fragrant yellowish salve,FireSalveHarmOne,Salve,6392,,Remove all \textbf{ongoing} effects from herbal products with a 3 in the second digit or third digit and a fourth digit of 2 or less.,Yes,
A fragrant yellowish salve,FireSalveHarmTwo,Salve,6394,,Remove all \textbf{ongoing} effects from herbal products with a 3 in the second digit or third digit and a fourth digit of 4 or less.,Yes,
A fragrant yellowish salve,FireSalveHarmThree,Salve,6396,,Remove all \textbf{ongoing} effects from herbal products with a 3 in the second digit or third digit and a fourth digit of 6 or less.,Yes,
A fragrant yellowish salve,FireSalveHarmFour,Salve,6398,,Remove all \textbf{ongoing} effects from herbal products with a 3 in the second digit or third digit.,Yes,
A fragrant yellowish decoction,FireDecoctionHealOne,Decoction,6391,,You may remove any one \textbf{poison} from an herbal product with a second digit of 3 and fourth digit of 2 or less,Yes,
A fragrant yellowish decoction,FireDecoctionHealTwo,Decoction,6393,,You may remove any one \textbf{poison} from an herbal product with a second digit of 3 and fourth digit of 4 or less,Yes,
A fragrant yellowish decoction,FireDecoctionHealThree,Decoction,6395,,You may remove any one \textbf{poison} from an herbal product with a second digit of 3 and fourth digit of 6 or less,Yes,
A fragrant yellowish decoction,FireDecoctionHealFour,Decoction,6397,,You may remove any one \textbf{poison} or \textbf{lasting poison} from an herbal product with a second digit of 3.,Yes,
A fragrant yellowish decoction,FireDecoctionHarmOne,Decoction,6392,,Remove all \textbf{ongoing} effects from herbal products with a 3 in the second digit or third digit and a fourth digit of 2 or less.,Yes,
A fragrant yellowish decoction,FireDecoctionHarmTwo,Decoction,6394,,Remove all \textbf{ongoing} effects from herbal products with a 3 in the second digit or third digit and a fourth digit of 4 or less.,Yes,
A fragrant yellowish decoction,FireDecoctionHarmThree,Decoction,6396,,Remove all \textbf{ongoing} effects from herbal products with a 3 in the second digit or third digit and a fourth digit of 6 or less.,Yes,
A fragrant yellowish decoction,FireDecoctionHarmFour,Decoction,6398,,Remove all \textbf{ongoing} effects from herbal products with a 3 in the second digit or third digit.,Yes,
A fragrant yellowish bath,FireBathHealOne,Bath,6391,,You may remove any one \textbf{poison} from an herbal product with a second digit of 3 and fourth digit of 2 or less,Yes,
A fragrant yellowish bath,FireBathHealTwo,Bath,6393,,You may remove any one \textbf{poison} from an herbal product with a second digit of 3 and fourth digit of 4 or less,Yes,
A fragrant yellowish bath,FireBathHealThree,Bath,6395,,You may remove any one \textbf{poison} from an herbal product with a second digit of 3 and fourth digit of 6 or less,Yes,
A fragrant yellowish bath,FireBathHealFour,Bath,6397,,You may remove any one \textbf{poison} or \textbf{lasting poison} from an herbal product with a second digit of 3.,Yes,
A fragrant yellowish bath,FireBathHarmOne,Bath,6392,,Remove all \textbf{ongoing} effects from herbal products with a 3 in the second digit or third digit and a fourth digit of 2 or less.,Yes,
A fragrant yellowish bath,FireBathHarmTwo,Bath,6394,,Remove all \textbf{ongoing} effects from herbal products with a 3 in the second digit or third digit and a fourth digit of 4 or less.,Yes,
A fragrant yellowish bath,FireBathHarmThree,Bath,6396,,Remove all \textbf{ongoing} effects from herbal products with a 3 in the second digit or third digit and a fourth digit of 6 or less.,Yes,
A fragrant yellowish bath,FireBathHarmFour,Bath,6398,,Remove all \textbf{ongoing} effects from herbal products with a 3 in the second digit or third digit.,Yes,
A fragrant yellowish incense,FireIncenseHealOne,Incense,6391,,You may remove any one \textbf{poison} from an herbal product with a second digit of 3 and fourth digit of 2 or less,Yes,
A fragrant yellowish incense,FireIncenseHealTwo,Incense,6393,,You may remove any one \textbf{poison} from an herbal product with a second digit of 3 and fourth digit of 4 or less,Yes,
A fragrant yellowish incense,FireIncenseHealThree,Incense,6395,,You may remove any one \textbf{poison} from an herbal product with a second digit of 3 and fourth digit of 6 or less,Yes,
A fragrant yellowish incense,FireIncenseHealFour,Incense,6397,,You may remove any one \textbf{poison} or \textbf{lasting poison} from an herbal product with a second digit of 3.,Yes,
A fragrant yellowish incense,FireIncenseHarmOne,Incense,6392,,Remove all \textbf{ongoing} effects from herbal products with a 3 in the second digit or third digit and a fourth digit of 2 or less.,Yes,
A fragrant yellowish incense,FireIncenseHarmTwo,Incense,6394,,Remove all \textbf{ongoing} effects from herbal products with a 3 in the second digit or third digit and a fourth digit of 4 or less.,Yes,
A fragrant yellowish incense,FireIncenseHarmThree,Incense,6396,,Remove all \textbf{ongoing} effects from herbal products with a 3 in the second digit or third digit and a fourth digit of 6 or less.,Yes,
A fragrant yellowish incense,FireIncenseHarmFour,Incense,6398,,Remove all \textbf{ongoing} effects from herbal products with a 3 in the second digit or third digit.,Yes,
A fragrant greenish tea,AirTeaHealOne,Tea,6491,,You may remove any one \textbf{poison} from an herbal product with a second digit of 4 and fourth digit of 2 or less,Yes,
A fragrant greenish tea,AirTeaHealTwo,Tea,6493,,You may remove any one \textbf{poison} from an herbal product with a second digit of 4 and fourth digit of 4 or less,Yes,
A fragrant greenish tea,AirTeaHealThree,Tea,6495,,You may remove any one \textbf{poison} from an herbal product with a second digit of 4 and fourth digit of 6 or less,Yes,
A fragrant greenish tea,AirTeaHealFour,Tea,6497,,You may remove any one \textbf{poison} or \textbf{lasting poison} from an herbal product with a second digit of 4.,Yes,
A fragrant greenish tea,AirTeaHarmOne,Tea,6492,,Remove all \textbf{ongoing} effects from herbal products with a 4 in the second digit or third digit and a fourth digit of 2 or less.,Yes,
A fragrant greenish tea,AirTeaHarmTwo,Tea,6494,,Remove all \textbf{ongoing} effects from herbal products with a 4 in the second digit or third digit and a fourth digit of 4 or less.,Yes,
A fragrant greenish tea,AirTeaHarmThree,Tea,6496,,Remove all \textbf{ongoing} effects from herbal products with a 4 in the second digit or third digit and a fourth digit of 6 or less.,Yes,
A fragrant greenish tea,AirTeaHarmFour,Tea,6498,,Remove all \textbf{ongoing} effects from herbal products with a 4 in the second digit or third digit.,Yes,
A fragrant greenish tincture,AirTinctureHealOne,Tincture,6491,,You may remove any one \textbf{poison} from an herbal product with a second digit of 4 and fourth digit of 2 or less,Yes,
A fragrant greenish tincture,AirTinctureHealTwo,Tincture,6493,,You may remove any one \textbf{poison} from an herbal product with a second digit of 4 and fourth digit of 4 or less,Yes,
A fragrant greenish tincture,AirTinctureHealThree,Tincture,6495,,You may remove any one \textbf{poison} from an herbal product with a second digit of 4 and fourth digit of 6 or less,Yes,
A fragrant greenish tincture,AirTinctureHealFour,Tincture,6497,,You may remove any one \textbf{poison} or \textbf{lasting poison} from an herbal product with a second digit of 4.,Yes,
A fragrant greenish tincture,AirTinctureHarmOne,Tincture,6492,,Remove all \textbf{ongoing} effects from herbal products with a 4 in the second digit or third digit and a fourth digit of 2 or less.,Yes,
A fragrant greenish tincture,AirTinctureHarmTwo,Tincture,6494,,Remove all \textbf{ongoing} effects from herbal products with a 4 in the second digit or third digit and a fourth digit of 4 or less.,Yes,
A fragrant greenish tincture,AirTinctureHarmThree,Tincture,6496,,Remove all \textbf{ongoing} effects from herbal products with a 4 in the second digit or third digit and a fourth digit of 6 or less.,Yes,
A fragrant greenish tincture,AirTinctureHarmFour,Tincture,6498,,Remove all \textbf{ongoing} effects from herbal products with a 4 in the second digit or third digit.,Yes,
A fragrant greenish salve,AirSalveHealOne,Salve,6491,,You may remove any one \textbf{poison} from an herbal product with a second digit of 4 and fourth digit of 2 or less,Yes,
A fragrant greenish salve,AirSalveHealTwo,Salve,6493,,You may remove any one \textbf{poison} from an herbal product with a second digit of 4 and fourth digit of 4 or less,Yes,
A fragrant greenish salve,AirSalveHealThree,Salve,6495,,You may remove any one \textbf{poison} from an herbal product with a second digit of 4 and fourth digit of 6 or less,Yes,
A fragrant greenish salve,AirSalveHealFour,Salve,6497,,You may remove any one \textbf{poison} or \textbf{lasting poison} from an herbal product with a second digit of 4.,Yes,
A fragrant greenish salve,AirSalveHarmOne,Salve,6492,,Remove all \textbf{ongoing} effects from herbal products with a 4 in the second digit or third digit and a fourth digit of 2 or less.,Yes,
A fragrant greenish salve,AirSalveHarmTwo,Salve,6494,,Remove all \textbf{ongoing} effects from herbal products with a 4 in the second digit or third digit and a fourth digit of 4 or less.,Yes,
A fragrant greenish salve,AirSalveHarmThree,Salve,6496,,Remove all \textbf{ongoing} effects from herbal products with a 4 in the second digit or third digit and a fourth digit of 6 or less.,Yes,
A fragrant greenish salve,AirSalveHarmFour,Salve,6498,,Remove all \textbf{ongoing} effects from herbal products with a 4 in the second digit or third digit.,Yes,
A fragrant greenish decoction,AirDecoctionHealOne,Decoction,6491,,You may remove any one \textbf{poison} from an herbal product with a second digit of 4 and fourth digit of 2 or less,Yes,
A fragrant greenish decoction,AirDecoctionHealTwo,Decoction,6493,,You may remove any one \textbf{poison} from an herbal product with a second digit of 4 and fourth digit of 4 or less,Yes,
A fragrant greenish decoction,AirDecoctionHealThree,Decoction,6495,,You may remove any one \textbf{poison} from an herbal product with a second digit of 4 and fourth digit of 6 or less,Yes,
A fragrant greenish decoction,AirDecoctionHealFour,Decoction,6497,,You may remove any one \textbf{poison} or \textbf{lasting poison} from an herbal product with a second digit of 4.,Yes,
A fragrant greenish decoction,AirDecoctionHarmOne,Decoction,6492,,Remove all \textbf{ongoing} effects from herbal products with a 4 in the second digit or third digit and a fourth digit of 2 or less.,Yes,
A fragrant greenish decoction,AirDecoctionHarmTwo,Decoction,6494,,Remove all \textbf{ongoing} effects from herbal products with a 4 in the second digit or third digit and a fourth digit of 4 or less.,Yes,
A fragrant greenish decoction,AirDecoctionHarmThree,Decoction,6496,,Remove all \textbf{ongoing} effects from herbal products with a 4 in the second digit or third digit and a fourth digit of 6 or less.,Yes,
A fragrant greenish decoction,AirDecoctionHarmFour,Decoction,6498,,Remove all \textbf{ongoing} effects from herbal products with a 4 in the second digit or third digit.,Yes,
A fragrant greenish bath,AirBathHealOne,Bath,6491,,You may remove any one \textbf{poison} from an herbal product with a second digit of 4 and fourth digit of 2 or less,Yes,
A fragrant greenish bath,AirBathHealTwo,Bath,6493,,You may remove any one \textbf{poison} from an herbal product with a second digit of 4 and fourth digit of 4 or less,Yes,
A fragrant greenish bath,AirBathHealThree,Bath,6495,,You may remove any one \textbf{poison} from an herbal product with a second digit of 4 and fourth digit of 6 or less,Yes,
A fragrant greenish bath,AirBathHealFour,Bath,6497,,You may remove any one \textbf{poison} or \textbf{lasting poison} from an herbal product with a second digit of 4.,Yes,
A fragrant greenish bath,AirBathHarmOne,Bath,6492,,Remove all \textbf{ongoing} effects from herbal products with a 4 in the second digit or third digit and a fourth digit of 2 or less.,Yes,
A fragrant greenish bath,AirBathHarmTwo,Bath,6494,,Remove all \textbf{ongoing} effects from herbal products with a 4 in the second digit or third digit and a fourth digit of 4 or less.,Yes,
A fragrant greenish bath,AirBathHarmThree,Bath,6496,,Remove all \textbf{ongoing} effects from herbal products with a 4 in the second digit or third digit and a fourth digit of 6 or less.,Yes,
A fragrant greenish bath,AirBathHarmFour,Bath,6498,,Remove all \textbf{ongoing} effects from herbal products with a 4 in the second digit or third digit.,Yes,
A fragrant greenish incense,AirIncenseHealOne,Incense,6491,,You may remove any one \textbf{poison} from an herbal product with a second digit of 4 and fourth digit of 2 or less,Yes,
A fragrant greenish incense,AirIncenseHealTwo,Incense,6493,,You may remove any one \textbf{poison} from an herbal product with a second digit of 4 and fourth digit of 4 or less,Yes,
A fragrant greenish incense,AirIncenseHealThree,Incense,6495,,You may remove any one \textbf{poison} from an herbal product with a second digit of 4 and fourth digit of 6 or less,Yes,
A fragrant greenish incense,AirIncenseHealFour,Incense,6497,,You may remove any one \textbf{poison} or \textbf{lasting poison} from an herbal product with a second digit of 4.,Yes,
A fragrant greenish incense,AirIncenseHarmOne,Incense,6492,,Remove all \textbf{ongoing} effects from herbal products with a 4 in the second digit or third digit and a fourth digit of 2 or less.,Yes,
A fragrant greenish incense,AirIncenseHarmTwo,Incense,6494,,Remove all \textbf{ongoing} effects from herbal products with a 4 in the second digit or third digit and a fourth digit of 4 or less.,Yes,
A fragrant greenish incense,AirIncenseHarmThree,Incense,6496,,Remove all \textbf{ongoing} effects from herbal products with a 4 in the second digit or third digit and a fourth digit of 6 or less.,Yes,
A fragrant greenish incense,AirIncenseHarmFour,Incense,6498,,Remove all \textbf{ongoing} effects from herbal products with a 4 in the second digit or third digit.,Yes,
A fragrant blueish tea,SoundTeaHealOne,Tea,6591,,You may remove any one \textbf{poison} from an herbal product with a second digit of 5 and fourth digit of 2 or less,Yes,
A fragrant blueish tea,SoundTeaHealTwo,Tea,6593,,You may remove any one \textbf{poison} from an herbal product with a second digit of 5 and fourth digit of 4 or less,Yes,
A fragrant blueish tea,SoundTeaHealThree,Tea,6595,,You may remove any one \textbf{poison} from an herbal product with a second digit of 5 and fourth digit of 6 or less,Yes,
A fragrant blueish tea,SoundTeaHealFour,Tea,6597,,You may remove any one \textbf{poison} or \textbf{lasting poison} from an herbal product with a second digit of 5.,Yes,
A fragrant blueish tea,SoundTeaHarmOne,Tea,6592,,Remove all \textbf{ongoing} effects from herbal products with a 5 in the second digit or third digit and a fourth digit of 2 or less.,Yes,
A fragrant blueish tea,SoundTeaHarmTwo,Tea,6594,,Remove all \textbf{ongoing} effects from herbal products with a 5 in the second digit or third digit and a fourth digit of 4 or less.,Yes,
A fragrant blueish tea,SoundTeaHarmThree,Tea,6596,,Remove all \textbf{ongoing} effects from herbal products with a 5 in the second digit or third digit and a fourth digit of 6 or less.,Yes,
A fragrant blueish tea,SoundTeaHarmFour,Tea,6598,,Remove all \textbf{ongoing} effects from herbal products with a 5 in the second digit or third digit.,Yes,
A fragrant blueish tincture,SoundTinctureHealOne,Tincture,6591,,You may remove any one \textbf{poison} from an herbal product with a second digit of 5 and fourth digit of 2 or less,Yes,
A fragrant blueish tincture,SoundTinctureHealTwo,Tincture,6593,,You may remove any one \textbf{poison} from an herbal product with a second digit of 5 and fourth digit of 4 or less,Yes,
A fragrant blueish tincture,SoundTinctureHealThree,Tincture,6595,,You may remove any one \textbf{poison} from an herbal product with a second digit of 5 and fourth digit of 6 or less,Yes,
A fragrant blueish tincture,SoundTinctureHealFour,Tincture,6597,,You may remove any one \textbf{poison} or \textbf{lasting poison} from an herbal product with a second digit of 5.,Yes,
A fragrant blueish tincture,SoundTinctureHarmOne,Tincture,6592,,Remove all \textbf{ongoing} effects from herbal products with a 5 in the second digit or third digit and a fourth digit of 2 or less.,Yes,
A fragrant blueish tincture,SoundTinctureHarmTwo,Tincture,6594,,Remove all \textbf{ongoing} effects from herbal products with a 5 in the second digit or third digit and a fourth digit of 4 or less.,Yes,
A fragrant blueish tincture,SoundTinctureHarmThree,Tincture,6596,,Remove all \textbf{ongoing} effects from herbal products with a 5 in the second digit or third digit and a fourth digit of 6 or less.,Yes,
A fragrant blueish tincture,SoundTinctureHarmFour,Tincture,6598,,Remove all \textbf{ongoing} effects from herbal products with a 5 in the second digit or third digit.,Yes,
A fragrant blueish salve,SoundSalveHealOne,Salve,6591,,You may remove any one \textbf{poison} from an herbal product with a second digit of 5 and fourth digit of 2 or less,Yes,
A fragrant blueish salve,SoundSalveHealTwo,Salve,6593,,You may remove any one \textbf{poison} from an herbal product with a second digit of 5 and fourth digit of 4 or less,Yes,
A fragrant blueish salve,SoundSalveHealThree,Salve,6595,,You may remove any one \textbf{poison} from an herbal product with a second digit of 5 and fourth digit of 6 or less,Yes,
A fragrant blueish salve,SoundSalveHealFour,Salve,6597,,You may remove any one \textbf{poison} or \textbf{lasting poison} from an herbal product with a second digit of 5.,Yes,
A fragrant blueish salve,SoundSalveHarmOne,Salve,6592,,Remove all \textbf{ongoing} effects from herbal products with a 5 in the second digit or third digit and a fourth digit of 2 or less.,Yes,
A fragrant blueish salve,SoundSalveHarmTwo,Salve,6594,,Remove all \textbf{ongoing} effects from herbal products with a 5 in the second digit or third digit and a fourth digit of 4 or less.,Yes,
A fragrant blueish salve,SoundSalveHarmThree,Salve,6596,,Remove all \textbf{ongoing} effects from herbal products with a 5 in the second digit or third digit and a fourth digit of 6 or less.,Yes,
A fragrant blueish salve,SoundSalveHarmFour,Salve,6598,,Remove all \textbf{ongoing} effects from herbal products with a 5 in the second digit or third digit.,Yes,
A fragrant blueish decoction,SoundDecoctionHealOne,Decoction,6591,,You may remove any one \textbf{poison} from an herbal product with a second digit of 5 and fourth digit of 2 or less,Yes,
A fragrant blueish decoction,SoundDecoctionHealTwo,Decoction,6593,,You may remove any one \textbf{poison} from an herbal product with a second digit of 5 and fourth digit of 4 or less,Yes,
A fragrant blueish decoction,SoundDecoctionHealThree,Decoction,6595,,You may remove any one \textbf{poison} from an herbal product with a second digit of 5 and fourth digit of 6 or less,Yes,
A fragrant blueish decoction,SoundDecoctionHealFour,Decoction,6597,,You may remove any one \textbf{poison} or \textbf{lasting poison} from an herbal product with a second digit of 5.,Yes,
A fragrant blueish decoction,SoundDecoctionHarmOne,Decoction,6592,,Remove all \textbf{ongoing} effects from herbal products with a 5 in the second digit or third digit and a fourth digit of 2 or less.,Yes,
A fragrant blueish decoction,SoundDecoctionHarmTwo,Decoction,6594,,Remove all \textbf{ongoing} effects from herbal products with a 5 in the second digit or third digit and a fourth digit of 4 or less.,Yes,
A fragrant blueish decoction,SoundDecoctionHarmThree,Decoction,6596,,Remove all \textbf{ongoing} effects from herbal products with a 5 in the second digit or third digit and a fourth digit of 6 or less.,Yes,
A fragrant blueish decoction,SoundDecoctionHarmFour,Decoction,6598,,Remove all \textbf{ongoing} effects from herbal products with a 5 in the second digit or third digit.,Yes,
A fragrant blueish bath,SoundBathHealOne,Bath,6591,,You may remove any one \textbf{poison} from an herbal product with a second digit of 5 and fourth digit of 2 or less,Yes,
A fragrant blueish bath,SoundBathHealTwo,Bath,6593,,You may remove any one \textbf{poison} from an herbal product with a second digit of 5 and fourth digit of 4 or less,Yes,
A fragrant blueish bath,SoundBathHealThree,Bath,6595,,You may remove any one \textbf{poison} from an herbal product with a second digit of 5 and fourth digit of 6 or less,Yes,
A fragrant blueish bath,SoundBathHealFour,Bath,6597,,You may remove any one \textbf{poison} or \textbf{lasting poison} from an herbal product with a second digit of 5.,Yes,
A fragrant blueish bath,SoundBathHarmOne,Bath,6592,,Remove all \textbf{ongoing} effects from herbal products with a 5 in the second digit or third digit and a fourth digit of 2 or less.,Yes,
A fragrant blueish bath,SoundBathHarmTwo,Bath,6594,,Remove all \textbf{ongoing} effects from herbal products with a 5 in the second digit or third digit and a fourth digit of 4 or less.,Yes,
A fragrant blueish bath,SoundBathHarmThree,Bath,6596,,Remove all \textbf{ongoing} effects from herbal products with a 5 in the second digit or third digit and a fourth digit of 6 or less.,Yes,
A fragrant blueish bath,SoundBathHarmFour,Bath,6598,,Remove all \textbf{ongoing} effects from herbal products with a 5 in the second digit or third digit.,Yes,
A fragrant blueish incense,SoundIncenseHealOne,Incense,6591,,You may remove any one \textbf{poison} from an herbal product with a second digit of 5 and fourth digit of 2 or less,Yes,
A fragrant blueish incense,SoundIncenseHealTwo,Incense,6593,,You may remove any one \textbf{poison} from an herbal product with a second digit of 5 and fourth digit of 4 or less,Yes,
A fragrant blueish incense,SoundIncenseHealThree,Incense,6595,,You may remove any one \textbf{poison} from an herbal product with a second digit of 5 and fourth digit of 6 or less,Yes,
A fragrant blueish incense,SoundIncenseHealFour,Incense,6597,,You may remove any one \textbf{poison} or \textbf{lasting poison} from an herbal product with a second digit of 5.,Yes,
A fragrant blueish incense,SoundIncenseHarmOne,Incense,6592,,Remove all \textbf{ongoing} effects from herbal products with a 5 in the second digit or third digit and a fourth digit of 2 or less.,Yes,
A fragrant blueish incense,SoundIncenseHarmTwo,Incense,6594,,Remove all \textbf{ongoing} effects from herbal products with a 5 in the second digit or third digit and a fourth digit of 4 or less.,Yes,
A fragrant blueish incense,SoundIncenseHarmThree,Incense,6596,,Remove all \textbf{ongoing} effects from herbal products with a 5 in the second digit or third digit and a fourth digit of 6 or less.,Yes,
A fragrant blueish incense,SoundIncenseHarmFour,Incense,6598,,Remove all \textbf{ongoing} effects from herbal products with a 5 in the second digit or third digit.,Yes,
A fragrant indigo tea,LightTeaHealOne,Tea,6691,,You may remove any one \textbf{poison} from an herbal product with a second digit of 6 and fourth digit of 2 or less,Yes,
A fragrant indigo tea,LightTeaHealTwo,Tea,6693,,You may remove any one \textbf{poison} from an herbal product with a second digit of 6 and fourth digit of 4 or less,Yes,
A fragrant indigo tea,LightTeaHealThree,Tea,6695,,You may remove any one \textbf{poison} from an herbal product with a second digit of 6 and fourth digit of 6 or less,Yes,
A fragrant indigo tea,LightTeaHealFour,Tea,6697,,You may remove any one \textbf{poison} or \textbf{lasting poison} from an herbal product with a second digit of 6.,Yes,
A fragrant indigo tea,LightTeaHarmOne,Tea,6692,,Remove all \textbf{ongoing} effects from herbal products with a 6 in the second digit or third digit and a fourth digit of 2 or less.,Yes,
A fragrant indigo tea,LightTeaHarmTwo,Tea,6694,,Remove all \textbf{ongoing} effects from herbal products with a 6 in the second digit or third digit and a fourth digit of 4 or less.,Yes,
A fragrant indigo tea,LightTeaHarmThree,Tea,6696,,Remove all \textbf{ongoing} effects from herbal products with a 6 in the second digit or third digit and a fourth digit of 6 or less.,Yes,
A fragrant indigo tea,LightTeaHarmFour,Tea,6698,,Remove all \textbf{ongoing} effects from herbal products with a 6 in the second digit or third digit.,Yes,
A fragrant indigo tincture,LightTinctureHealOne,Tincture,6691,,You may remove any one \textbf{poison} from an herbal product with a second digit of 6 and fourth digit of 2 or less,Yes,
A fragrant indigo tincture,LightTinctureHealTwo,Tincture,6693,,You may remove any one \textbf{poison} from an herbal product with a second digit of 6 and fourth digit of 4 or less,Yes,
A fragrant indigo tincture,LightTinctureHealThree,Tincture,6695,,You may remove any one \textbf{poison} from an herbal product with a second digit of 6 and fourth digit of 6 or less,Yes,
A fragrant indigo tincture,LightTinctureHealFour,Tincture,6697,,You may remove any one \textbf{poison} or \textbf{lasting poison} from an herbal product with a second digit of 6.,Yes,
A fragrant indigo tincture,LightTinctureHarmOne,Tincture,6692,,Remove all \textbf{ongoing} effects from herbal products with a 6 in the second digit or third digit and a fourth digit of 2 or less.,Yes,
A fragrant indigo tincture,LightTinctureHarmTwo,Tincture,6694,,Remove all \textbf{ongoing} effects from herbal products with a 6 in the second digit or third digit and a fourth digit of 4 or less.,Yes,
A fragrant indigo tincture,LightTinctureHarmThree,Tincture,6696,,Remove all \textbf{ongoing} effects from herbal products with a 6 in the second digit or third digit and a fourth digit of 6 or less.,Yes,
A fragrant indigo tincture,LightTinctureHarmFour,Tincture,6698,,Remove all \textbf{ongoing} effects from herbal products with a 6 in the second digit or third digit.,Yes,
A fragrant indigo salve,LightSalveHealOne,Salve,6691,,You may remove any one \textbf{poison} from an herbal product with a second digit of 6 and fourth digit of 2 or less,Yes,
A fragrant indigo salve,LightSalveHealTwo,Salve,6693,,You may remove any one \textbf{poison} from an herbal product with a second digit of 6 and fourth digit of 4 or less,Yes,
A fragrant indigo salve,LightSalveHealThree,Salve,6695,,You may remove any one \textbf{poison} from an herbal product with a second digit of 6 and fourth digit of 6 or less,Yes,
A fragrant indigo salve,LightSalveHealFour,Salve,6697,,You may remove any one \textbf{poison} or \textbf{lasting poison} from an herbal product with a second digit of 6.,Yes,
A fragrant indigo salve,LightSalveHarmOne,Salve,6692,,Remove all \textbf{ongoing} effects from herbal products with a 6 in the second digit or third digit and a fourth digit of 2 or less.,Yes,
A fragrant indigo salve,LightSalveHarmTwo,Salve,6694,,Remove all \textbf{ongoing} effects from herbal products with a 6 in the second digit or third digit and a fourth digit of 4 or less.,Yes,
A fragrant indigo salve,LightSalveHarmThree,Salve,6696,,Remove all \textbf{ongoing} effects from herbal products with a 6 in the second digit or third digit and a fourth digit of 6 or less.,Yes,
A fragrant indigo salve,LightSalveHarmFour,Salve,6698,,Remove all \textbf{ongoing} effects from herbal products with a 6 in the second digit or third digit.,Yes,
A fragrant indigo decoction,LightDecoctionHealOne,Decoction,6691,,You may remove any one \textbf{poison} from an herbal product with a second digit of 6 and fourth digit of 2 or less,Yes,
A fragrant indigo decoction,LightDecoctionHealTwo,Decoction,6693,,You may remove any one \textbf{poison} from an herbal product with a second digit of 6 and fourth digit of 4 or less,Yes,
A fragrant indigo decoction,LightDecoctionHealThree,Decoction,6695,,You may remove any one \textbf{poison} from an herbal product with a second digit of 6 and fourth digit of 6 or less,Yes,
A fragrant indigo decoction,LightDecoctionHealFour,Decoction,6697,,You may remove any one \textbf{poison} or \textbf{lasting poison} from an herbal product with a second digit of 6.,Yes,
A fragrant indigo decoction,LightDecoctionHarmOne,Decoction,6692,,Remove all \textbf{ongoing} effects from herbal products with a 6 in the second digit or third digit and a fourth digit of 2 or less.,Yes,
A fragrant indigo decoction,LightDecoctionHarmTwo,Decoction,6694,,Remove all \textbf{ongoing} effects from herbal products with a 6 in the second digit or third digit and a fourth digit of 4 or less.,Yes,
A fragrant indigo decoction,LightDecoctionHarmThree,Decoction,6696,,Remove all \textbf{ongoing} effects from herbal products with a 6 in the second digit or third digit and a fourth digit of 6 or less.,Yes,
A fragrant indigo decoction,LightDecoctionHarmFour,Decoction,6698,,Remove all \textbf{ongoing} effects from herbal products with a 6 in the second digit or third digit.,Yes,
A fragrant indigo bath,LightBathHealOne,Bath,6691,,You may remove any one \textbf{poison} from an herbal product with a second digit of 6 and fourth digit of 2 or less,Yes,
A fragrant indigo bath,LightBathHealTwo,Bath,6693,,You may remove any one \textbf{poison} from an herbal product with a second digit of 6 and fourth digit of 4 or less,Yes,
A fragrant indigo bath,LightBathHealThree,Bath,6695,,You may remove any one \textbf{poison} from an herbal product with a second digit of 6 and fourth digit of 6 or less,Yes,
A fragrant indigo bath,LightBathHealFour,Bath,6697,,You may remove any one \textbf{poison} or \textbf{lasting poison} from an herbal product with a second digit of 6.,Yes,
A fragrant indigo bath,LightBathHarmOne,Bath,6692,,Remove all \textbf{ongoing} effects from herbal products with a 6 in the second digit or third digit and a fourth digit of 2 or less.,Yes,
A fragrant indigo bath,LightBathHarmTwo,Bath,6694,,Remove all \textbf{ongoing} effects from herbal products with a 6 in the second digit or third digit and a fourth digit of 4 or less.,Yes,
A fragrant indigo bath,LightBathHarmThree,Bath,6696,,Remove all \textbf{ongoing} effects from herbal products with a 6 in the second digit or third digit and a fourth digit of 6 or less.,Yes,
A fragrant indigo bath,LightBathHarmFour,Bath,6698,,Remove all \textbf{ongoing} effects from herbal products with a 6 in the second digit or third digit.,Yes,
A fragrant indigo incense,LightIncenseHealOne,Incense,6691,,You may remove any one \textbf{poison} from an herbal product with a second digit of 6 and fourth digit of 2 or less,Yes,
A fragrant indigo incense,LightIncenseHealTwo,Incense,6693,,You may remove any one \textbf{poison} from an herbal product with a second digit of 6 and fourth digit of 4 or less,Yes,
A fragrant indigo incense,LightIncenseHealThree,Incense,6695,,You may remove any one \textbf{poison} from an herbal product with a second digit of 6 and fourth digit of 6 or less,Yes,
A fragrant indigo incense,LightIncenseHealFour,Incense,6697,,You may remove any one \textbf{poison} or \textbf{lasting poison} from an herbal product with a second digit of 6.,Yes,
A fragrant indigo incense,LightIncenseHarmOne,Incense,6692,,Remove all \textbf{ongoing} effects from herbal products with a 6 in the second digit or third digit and a fourth digit of 2 or less.,Yes,
A fragrant indigo incense,LightIncenseHarmTwo,Incense,6694,,Remove all \textbf{ongoing} effects from herbal products with a 6 in the second digit or third digit and a fourth digit of 4 or less.,Yes,
A fragrant indigo incense,LightIncenseHarmThree,Incense,6696,,Remove all \textbf{ongoing} effects from herbal products with a 6 in the second digit or third digit and a fourth digit of 6 or less.,Yes,
A fragrant indigo incense,LightIncenseHarmFour,Incense,6698,,Remove all \textbf{ongoing} effects from herbal products with a 6 in the second digit or third digit.,Yes,
A fragrant violet tea,ThoughtTeaHealOne,Tea,6791,,You may remove any one \textbf{poison} from an herbal product with a second digit of 7 and fourth digit of 2 or less,Yes,
A fragrant violet tea,ThoughtTeaHealTwo,Tea,6793,,You may remove any one \textbf{poison} from an herbal product with a second digit of 7 and fourth digit of 4 or less,Yes,
A fragrant violet tea,ThoughtTeaHealThree,Tea,6795,,You may remove any one \textbf{poison} from an herbal product with a second digit of 7 and fourth digit of 6 or less,Yes,
A fragrant violet tea,ThoughtTeaHealFour,Tea,6797,,You may remove any one \textbf{poison} or \textbf{lasting poison} from an herbal product with a second digit of 7.,Yes,
A fragrant violet tea,ThoughtTeaHarmOne,Tea,6792,,Remove all \textbf{ongoing} effects from herbal products with a 7 in the second digit or third digit and a fourth digit of 2 or less.,Yes,
A fragrant violet tea,ThoughtTeaHarmTwo,Tea,6794,,Remove all \textbf{ongoing} effects from herbal products with a 7 in the second digit or third digit and a fourth digit of 4 or less.,Yes,
A fragrant violet tea,ThoughtTeaHarmThree,Tea,6796,,Remove all \textbf{ongoing} effects from herbal products with a 7 in the second digit or third digit and a fourth digit of 6 or less.,Yes,
A fragrant violet tea,ThoughtTeaHarmFour,Tea,6798,,Remove all \textbf{ongoing} effects from herbal products with a 7 in the second digit or third digit.,Yes,
A fragrant violet tincture,ThoughtTinctureHealOne,Tincture,6791,,You may remove any one \textbf{poison} from an herbal product with a second digit of 7 and fourth digit of 2 or less,Yes,
A fragrant violet tincture,ThoughtTinctureHealTwo,Tincture,6793,,You may remove any one \textbf{poison} from an herbal product with a second digit of 7 and fourth digit of 4 or less,Yes,
A fragrant violet tincture,ThoughtTinctureHealThree,Tincture,6795,,You may remove any one \textbf{poison} from an herbal product with a second digit of 7 and fourth digit of 6 or less,Yes,
A fragrant violet tincture,ThoughtTinctureHealFour,Tincture,6797,,You may remove any one \textbf{poison} or \textbf{lasting poison} from an herbal product with a second digit of 7.,Yes,
A fragrant violet tincture,ThoughtTinctureHarmOne,Tincture,6792,,Remove all \textbf{ongoing} effects from herbal products with a 7 in the second digit or third digit and a fourth digit of 2 or less.,Yes,
A fragrant violet tincture,ThoughtTinctureHarmTwo,Tincture,6794,,Remove all \textbf{ongoing} effects from herbal products with a 7 in the second digit or third digit and a fourth digit of 4 or less.,Yes,
A fragrant violet tincture,ThoughtTinctureHarmThree,Tincture,6796,,Remove all \textbf{ongoing} effects from herbal products with a 7 in the second digit or third digit and a fourth digit of 6 or less.,Yes,
A fragrant violet tincture,ThoughtTinctureHarmFour,Tincture,6798,,Remove all \textbf{ongoing} effects from herbal products with a 7 in the second digit or third digit.,Yes,
A fragrant violet salve,ThoughtSalveHealOne,Salve,6791,,You may remove any one \textbf{poison} from an herbal product with a second digit of 7 and fourth digit of 2 or less,Yes,
A fragrant violet salve,ThoughtSalveHealTwo,Salve,6793,,You may remove any one \textbf{poison} from an herbal product with a second digit of 7 and fourth digit of 4 or less,Yes,
A fragrant violet salve,ThoughtSalveHealThree,Salve,6795,,You may remove any one \textbf{poison} from an herbal product with a second digit of 7 and fourth digit of 6 or less,Yes,
A fragrant violet salve,ThoughtSalveHealFour,Salve,6797,,You may remove any one \textbf{poison} or \textbf{lasting poison} from an herbal product with a second digit of 7.,Yes,
A fragrant violet salve,ThoughtSalveHarmOne,Salve,6792,,Remove all \textbf{ongoing} effects from herbal products with a 7 in the second digit or third digit and a fourth digit of 2 or less.,Yes,
A fragrant violet salve,ThoughtSalveHarmTwo,Salve,6794,,Remove all \textbf{ongoing} effects from herbal products with a 7 in the second digit or third digit and a fourth digit of 4 or less.,Yes,
A fragrant violet salve,ThoughtSalveHarmThree,Salve,6796,,Remove all \textbf{ongoing} effects from herbal products with a 7 in the second digit or third digit and a fourth digit of 6 or less.,Yes,
A fragrant violet salve,ThoughtSalveHarmFour,Salve,6798,,Remove all \textbf{ongoing} effects from herbal products with a 7 in the second digit or third digit.,Yes,
A fragrant violet decoction,ThoughtDecoctionHealOne,Decoction,6791,,You may remove any one \textbf{poison} from an herbal product with a second digit of 7 and fourth digit of 2 or less,Yes,
A fragrant violet decoction,ThoughtDecoctionHealTwo,Decoction,6793,,You may remove any one \textbf{poison} from an herbal product with a second digit of 7 and fourth digit of 4 or less,Yes,
A fragrant violet decoction,ThoughtDecoctionHealThree,Decoction,6795,,You may remove any one \textbf{poison} from an herbal product with a second digit of 7 and fourth digit of 6 or less,Yes,
A fragrant violet decoction,ThoughtDecoctionHealFour,Decoction,6797,,You may remove any one \textbf{poison} or \textbf{lasting poison} from an herbal product with a second digit of 7.,Yes,
A fragrant violet decoction,ThoughtDecoctionHarmOne,Decoction,6792,,Remove all \textbf{ongoing} effects from herbal products with a 7 in the second digit or third digit and a fourth digit of 2 or less.,Yes,
A fragrant violet decoction,ThoughtDecoctionHarmTwo,Decoction,6794,,Remove all \textbf{ongoing} effects from herbal products with a 7 in the second digit or third digit and a fourth digit of 4 or less.,Yes,
A fragrant violet decoction,ThoughtDecoctionHarmThree,Decoction,6796,,Remove all \textbf{ongoing} effects from herbal products with a 7 in the second digit or third digit and a fourth digit of 6 or less.,Yes,
A fragrant violet decoction,ThoughtDecoctionHarmFour,Decoction,6798,,Remove all \textbf{ongoing} effects from herbal products with a 7 in the second digit or third digit.,Yes,
A fragrant violet bath,ThoughtBathHealOne,Bath,6791,,You may remove any one \textbf{poison} from an herbal product with a second digit of 7 and fourth digit of 2 or less,Yes,
A fragrant violet bath,ThoughtBathHealTwo,Bath,6793,,You may remove any one \textbf{poison} from an herbal product with a second digit of 7 and fourth digit of 4 or less,Yes,
A fragrant violet bath,ThoughtBathHealThree,Bath,6795,,You may remove any one \textbf{poison} from an herbal product with a second digit of 7 and fourth digit of 6 or less,Yes,
A fragrant violet bath,ThoughtBathHealFour,Bath,6797,,You may remove any one \textbf{poison} or \textbf{lasting poison} from an herbal product with a second digit of 7.,Yes,
A fragrant violet bath,ThoughtBathHarmOne,Bath,6792,,Remove all \textbf{ongoing} effects from herbal products with a 7 in the second digit or third digit and a fourth digit of 2 or less.,Yes,
A fragrant violet bath,ThoughtBathHarmTwo,Bath,6794,,Remove all \textbf{ongoing} effects from herbal products with a 7 in the second digit or third digit and a fourth digit of 4 or less.,Yes,
A fragrant violet bath,ThoughtBathHarmThree,Bath,6796,,Remove all \textbf{ongoing} effects from herbal products with a 7 in the second digit or third digit and a fourth digit of 6 or less.,Yes,
A fragrant violet bath,ThoughtBathHarmFour,Bath,6798,,Remove all \textbf{ongoing} effects from herbal products with a 7 in the second digit or third digit.,Yes,
A fragrant violet incense,ThoughtIncenseHealOne,Incense,6791,,You may remove any one \textbf{poison} from an herbal product with a second digit of 7 and fourth digit of 2 or less,Yes,
A fragrant violet incense,ThoughtIncenseHealTwo,Incense,6793,,You may remove any one \textbf{poison} from an herbal product with a second digit of 7 and fourth digit of 4 or less,Yes,
A fragrant violet incense,ThoughtIncenseHealThree,Incense,6795,,You may remove any one \textbf{poison} from an herbal product with a second digit of 7 and fourth digit of 6 or less,Yes,
A fragrant violet incense,ThoughtIncenseHealFour,Incense,6797,,You may remove any one \textbf{poison} or \textbf{lasting poison} from an herbal product with a second digit of 7.,Yes,
A fragrant violet incense,ThoughtIncenseHarmOne,Incense,6792,,Remove all \textbf{ongoing} effects from herbal products with a 7 in the second digit or third digit and a fourth digit of 2 or less.,Yes,
A fragrant violet incense,ThoughtIncenseHarmTwo,Incense,6794,,Remove all \textbf{ongoing} effects from herbal products with a 7 in the second digit or third digit and a fourth digit of 4 or less.,Yes,
A fragrant violet incense,ThoughtIncenseHarmThree,Incense,6796,,Remove all \textbf{ongoing} effects from herbal products with a 7 in the second digit or third digit and a fourth digit of 6 or less.,Yes,
A fragrant violet incense,ThoughtIncenseHarmFour,Incense,6798,,Remove all \textbf{ongoing} effects from herbal products with a 7 in the second digit or third digit.,Yes,